label,round_trips,per_day,mean_pnl_bps,median_pnl_bps,passive_exit_share,pnl_passive_exits,pnl_market_exits,hold_s_median,adverse_at_fill_bps,mid_move_60s_bps,daily_pnl_mean_bps,t_daily,weeks_pos,days_pos
"PRIMARY {'signal': 'dimb05', 'theta': 0.5, 't_entry': 30, 'exit': 'target', 'tp': 0.5, 't_exit': 60, 'q': 0.01, 'slip': 0.5}",7637,763.7,-0.5458089914567683,0.591554961371461,0.7233206756579809,1.0554802374667878,-4.732047373176467,17.0,0.026532410834162433,-0.019279767226381393,-416.8343267755339,-4.705521688436928,0/2,0/10
"BASELINE random side {'signal': 'dimb05', 'theta': 0.5, 't_entry': 30, 'exit': 'target', 'tp': 0.5, 't_exit': 60, 'q': 0.01, 'slip': 0.5}",13512,1351.2,-0.5529964509380472,0.7087590813713224,0.6963439905269391,1.316793683057157,-4.8407993685010196,20.0,0.19100785648157778,-0.3905381891079055,-747.2088045074895,-5.313645972408398,0/2,0/10
"{'signal': 'dimb05', 'theta': 0.5, 't_entry': 30, 'exit': 'target', 'tp': 0.5, 't_exit': 60, 'q': 0.1, 'slip': 0.5}",7595,759.5,-0.5679361020668512,0.5906883882476639,0.7192890059249506,1.0531404898967154,-4.721754780254921,18.0,0.021128545501872844,-0.016013645994319,-431.3474695197735,-4.772265630083427,0/2,0/10
"{'signal': 'dimb05', 'theta': 0.5, 't_entry': 30, 'exit': 'target', 'tp': 0.5, 't_exit': 60, 'q': 0.01, 'slip': 1.0}",7637,763.7,-0.6841419845998173,0.5914779851893912,0.7233206756579809,1.0554802374667878,-5.232023269358892,17.0,0.026532410834162433,-0.019279767226381393,-522.4792336388805,-5.39638131355341,0/2,0/10
"{'signal': 'dimb05', 'theta': 0.5, 't_entry': 30, 'exit': 'target', 'tp': 0.5, 't_exit': 60, 'q': 0.01, 'slip': 0.0}",7637,763.7,-0.4074759983134677,0.5922205903254845,0.7233206756579809,1.0554802374667878,-4.2320714769931325,17.0,0.026532410834162433,-0.019279767226381393,-311.1894199119953,-3.8169842966063485,0/2,1/10
"{'signal': 'dimb05', 'theta': 0.5, 't_entry': 30, 'exit': 'touch', 'tp': 0.0, 't_exit': 60, 'q': 0.01, 'slip': 0.5}",7794,779.4,-0.5611026170493978,0.5913520674495452,0.7440338722093919,0.8724676251350365,-4.72815717064716,16.0,0.022971215759490033,-0.047987718034659586,-437.32337972830067,-4.496945468915477,0/2,0/10
"{'signal': 'dimb05', 'theta': 0.3, 't_entry': 10, 'exit': 'target', 'tp': 0.5, 't_exit': 60, 'q': 0.01, 'slip': 0.5}",7891,789.1,-0.5969017429669621,0.5893515953747687,0.7336205804080598,0.9671619554520172,-4.904401624102772,16.0,-0.03237070024475385,-0.06455745099482618,-471.01516537522974,-4.443560623629893,0/2,0/10
"{'signal': 'dimb05', 'theta': 0.3, 't_entry': 10, 'exit': 'target', 'tp': 0.5, 't_exit': 120, 'q': 0.01, 'slip': 0.5}",6706,670.6,-0.5489005216463768,0.7082779991393271,0.8098717566358485,0.9843691301078689,-7.080027955903089,16.0,-0.02209162927019558,-0.034133665204151675,-368.0926898160603,-4.028640284148846,0/2,0/10
"{'signal': 'dimb05', 'theta': 0.3, 't_entry': 10, 'exit': 'target', 'tp': 1.0, 't_exit': 60, 'q': 0.01, 'slip': 0.5}",7561,756.1,-0.5916553653503287,0.9518143961927424,0.6963364634307632,1.2006004279559463,-4.701510222387584,20.0,-0.02781363249882653,-0.06436848744673662,-447.3506217413836,-4.592029760807462,0/2,0/10
"{'signal': 'dimb05', 'theta': 0.3, 't_entry': 10, 'exit': 'target', 'tp': 1.0, 't_exit': 120, 'q': 0.01, 'slip': 0.5}",6378,637.8,-0.5302125482402219,0.9529708867394101,0.779711508309815,1.2097918631870197,-6.688961258580202,21.0,-0.019227852185084635,-0.016377462489432695,-338.16956326761357,-4.124601064576491,0/2,0/10
"{'signal': 'dimb05', 'theta': 0.3, 't_entry': 10, 'exit': 'touch', 'tp': 0.0, 't_exit': 60, 'q': 0.01, 'slip': 0.5}",8152,815.2,-0.5965316312163129,0.5782519487226094,0.7600588812561334,0.7695930042379562,-4.923989832276972,14.0,-0.03905153369362044,-0.04770530683803098,-486.29258576753836,-4.238587640751354,0/2,0/10
"{'signal': 'dimb05', 'theta': 0.3, 't_entry': 10, 'exit': 'touch', 'tp': 0.0, 't_exit': 120, 'q': 0.01, 'slip': 0.5}",7014,701.4,-0.5398684027748841,0.7047878752890968,0.8297690333618477,0.7985073823582097,-7.063609666991473,14.0,-0.032651068308937936,-0.014093757551137417,-378.6636977063037,-3.9288301598146522,0/2,0/10
"{'signal': 'dimb05', 'theta': 0.3, 't_entry': 30, 'exit': 'target', 'tp': 0.5, 't_exit': 60, 'q': 0.01, 'slip': 0.5}",8172,817.2,-0.5427098279011505,0.5916669725249851,0.7225893294175233,1.0490180931110313,-4.688785422774081,17.0,0.022500762935083064,-0.05644569489863957,-443.5024713608201,-5.043098231013937,0/2,0/10
"{'signal': 'dimb05', 'theta': 0.3, 't_entry': 30, 'exit': 'target', 'tp': 0.5, 't_exit': 120, 'q': 0.01, 'slip': 0.5}",6938,693.8,-0.4884253814182469,0.7123606480638586,0.7979244739117901,1.0661031019047384,-6.626706182899023,17.0,0.03368539959503376,-0.02098350690929524,-338.86952962797966,-4.164206980139924,0/2,0/10
"{'signal': 'dimb05', 'theta': 0.3, 't_entry': 30, 'exit': 'target', 'tp': 1.0, 't_exit': 60, 'q': 0.01, 'slip': 0.5}",7853,785.3,-0.5448232165613555,0.9522902580706599,0.6855978606901821,1.268594179852161,-4.4992336103606165,22.0,0.025534045548643008,-0.06697761607209968,-427.84967196563247,-5.342443239573061,0/2,0/10
"{'signal': 'dimb05', 'theta': 0.3, 't_entry': 30, 'exit': 'target', 'tp': 1.0, 't_exit': 120, 'q': 0.01, 'slip': 0.5}",6586,658.6,-0.5051614822737095,0.9536468050190671,0.7693592468873368,1.2760724878018816,-6.446907714250682,22.0,0.033317025021361926,-0.028779447642395983,-332.6993522254651,-4.26592708779982,0/2,0/10
"{'signal': 'dimb05', 'theta': 0.3, 't_entry': 30, 'exit': 'touch', 'tp': 0.0, 't_exit': 60, 'q': 0.01, 'slip': 0.5}",8383,838.3,-0.5544327429744029,0.5915479627088165,0.7453179052845044,0.8589242107437289,-4.690570563504093,15.0,0.018097463242845748,-0.07012079221024808,-464.7809684354419,-4.663164360443704,0/2,0/10
"{'signal': 'dimb05', 'theta': 0.3, 't_entry': 30, 'exit': 'touch', 'tp': 0.0, 't_exit': 120, 'q': 0.01, 'slip': 0.5}",7181,718.1,-0.5115368740660814,0.712741441163194,0.8145105138560089,0.8964616349041772,-6.694257053470767,16.0,0.029170234223295077,-0.045284461543838146,-367.3346292668531,-3.8846848478305724,0/2,0/10
"{'signal': 'dimb05', 'theta': 0.3, 't_entry': 60, 'exit': 'target', 'tp': 0.5, 't_exit': 60, 'q': 0.01, 'slip': 0.5}",7869,786.9,-0.5236990974519197,0.5948486110284933,0.7176261278434363,1.0865821343689437,-4.616074487232485,18.0,0.058320865364575335,-0.05151172794499197,-412.09881978491546,-5.368779851659411,0/2,0/10
"{'signal': 'dimb05', 'theta': 0.3, 't_entry': 60, 'exit': 'target', 'tp': 0.5, 't_exit': 120, 'q': 0.01, 'slip': 0.5}",6712,671.2,-0.47514109868852583,0.7163836967411088,0.7981227651966627,1.1122543316670952,-6.750917718921045,18.0,0.07005528029022086,-0.05199520649678963,-318.9147054397385,-4.3348334711626375,0/2,1/10
"{'signal': 'dimb05', 'theta': 0.3, 't_entry': 60, 'exit': 'target', 'tp': 1.0, 't_exit': 60, 'q': 0.01, 'slip': 0.5}",7604,760.4,-0.5217659599857609,0.952465994021311,0.6849026827985271,1.2965477020323077,-4.474093819664435,22.0,0.059280023163970005,-0.05906426448946479,-396.7508359731727,-5.562899315641348,0/2,0/10
"{'signal': 'dimb05', 'theta': 0.3, 't_entry': 60, 'exit': 'target', 'tp': 1.0, 't_exit': 120, 'q': 0.01, 'slip': 0.5}",6432,643.2,-0.4763608689104168,0.954380606986066,0.7725435323383084,1.3057656171102665,-6.529256637219901,22.0,0.06426477695668834,-0.059114686428152624,-306.3953108831801,-4.301973946501764,0/2,1/10
"{'signal': 'dimb05', 'theta': 0.3, 't_entry': 60, 'exit': 'touch', 'tp': 0.0, 't_exit': 60, 'q': 0.01, 'slip': 0.5}",8020,802.0,-0.5380128369739554,0.5951282800904356,0.7382793017456359,0.9123750444641437,-4.629364264317922,16.0,0.05831860319676507,-0.06835038694614154,-431.48629525311236,-4.91551966158882,0/2,0/10
"{'signal': 'dimb05', 'theta': 0.3, 't_entry': 60, 'exit': 'touch', 'tp': 0.0, 't_exit': 120, 'q': 0.01, 'slip': 0.5}",6941,694.1,-0.47589179454529895,0.7152137893218581,0.8150122460740528,0.9471666835475316,-6.74555052551971,16.0,0.07035155911535715,-0.06858468744043486,-330.31649459389206,-4.133684544356324,0/2,1/10
"{'signal': 'dimb05', 'theta': 0.5, 't_entry': 10, 'exit': 'target', 'tp': 0.5, 't_exit': 60, 'q': 0.01, 'slip': 0.5}",7240,724.0,-0.5663751801537319,0.5871715410432814,0.738950276243094,0.9715647675936061,-4.919803074570799,16.0,-0.029565245718714335,0.014370269185826153,-410.0556304313019,-4.224740390938995,0/2,0/10
"{'signal': 'dimb05', 'theta': 0.5, 't_entry': 10, 'exit': 'target', 'tp': 0.5, 't_exit': 120, 'q': 0.01, 'slip': 0.5}",6254,625.4,-0.4822281716492239,0.7072594298561012,0.8181963543332267,0.9863275716549375,-7.091374819395392,16.0,-0.017300167665757024,0.037347064011939934,-301.58549854942464,-3.988691152195079,0/2,0/10
"{'signal': 'dimb05', 'theta': 0.5, 't_entry': 10, 'exit': 'target', 'tp': 1.0, 't_exit': 60, 'q': 0.01, 'slip': 0.5}",6923,692.3,-0.5577710089637987,0.952052267669495,0.7005633395926621,1.2089654797131044,-4.691235538670978,20.0,-0.026763384649672754,0.006162605675868591,-386.1448695056379,-4.264142578619838,0/2,0/10
"{'signal': 'dimb05', 'theta': 0.5, 't_entry': 10, 'exit': 'target', 'tp': 1.0, 't_exit': 120, 'q': 0.01, 'slip': 0.5}",5943,594.3,-0.4694155227781342,0.9532774871605438,0.7873128049806495,1.217731443830355,-6.714795789203073,20.0,-0.012834139040687696,0.026848332631268696,-278.9736451870452,-3.8603830410572577,0/2,1/10
"{'signal': 'dimb05', 'theta': 0.5, 't_entry': 10, 'exit': 'touch', 'tp': 0.0, 't_exit': 60, 'q': 0.01, 'slip': 0.5}",7448,744.8,-0.5913888793866195,0.48265460142602934,0.7620837808807733,0.7706152013413872,-4.954106239551499,13.0,-0.033511465706760675,0.00717203990254742,-440.4664373671543,-4.071239239607686,0/2,0/10
"{'signal': 'dimb05', 'theta': 0.5, 't_entry': 10, 'exit': 'touch', 'tp': 0.0, 't_exit': 120, 'q': 0.01, 'slip': 0.5}",6513,651.3,-0.49238850107661486,0.7052269067572492,0.8350990327038231,0.8058660810652137,-7.0670688290742,13.0,-0.019884798447443883,0.03786374324962095,-320.6926307511993,-4.010176567350111,0/2,0/10
"{'signal': 'dimb05', 'theta': 0.5, 't_entry': 30, 'exit': 'target', 'tp': 0.5, 't_exit': 120, 'q': 0.01, 'slip': 0.5}",6523,652.3,-0.508053055887087,0.7110268412632577,0.7980990341867239,1.0721011713820932,-6.754281535130331,18.0,0.040413182369231276,-0.030908297357200375,-331.4030083551468,-3.9445453547146987,0/2,1/10
"{'signal': 'dimb05', 'theta': 0.5, 't_entry': 30, 'exit': 'target', 'tp': 1.0, 't_exit': 60, 'q': 0.01, 'slip': 0.5}",7374,737.4,-0.5225398318586304,0.9524036286578252,0.6889069704366694,1.2795077311340164,-4.513124670569461,22.0,0.032256065080748166,-0.006193352095111062,-385.320872012554,-5.01522262573077,0/2,0/10
"{'signal': 'dimb05', 'theta': 0.5, 't_entry': 30, 'exit': 'target', 'tp': 1.0, 't_exit': 120, 'q': 0.01, 'slip': 0.5}",6219,621.9,-0.5110783283979022,0.9538685330694296,0.7695771024280431,1.288819635561912,-6.522461200353011,22.0,0.045572426544569285,-0.04046650975652287,-317.8396124306554,-4.0356349861959195,0/2,1/10
"{'signal': 'dimb05', 'theta': 0.5, 't_entry': 30, 'exit': 'touch', 'tp': 0.0, 't_exit': 60, 'q': 0.01, 'slip': 0.5}",7794,779.4,-0.5611026170493978,0.5913520674495452,0.7440338722093919,0.8724676251350365,-4.72815717064716,16.0,0.022971215759490033,-0.047987718034659586,-437.32337972830067,-4.496945468915477,0/2,0/10
"{'signal': 'dimb05', 'theta': 0.5, 't_entry': 30, 'exit': 'touch', 'tp': 0.0, 't_exit': 120, 'q': 0.01, 'slip': 0.5}",6721,672.1,-0.5179678311956939,0.7114905727499111,0.8137181966969201,0.9090411149850514,-6.751443810958071,16.0,0.03921483085961279,-0.05473957649519189,-348.12617934662586,-3.826504664856469,0/2,1/10
"{'signal': 'dimb05', 'theta': 0.5, 't_entry': 60, 'exit': 'target', 'tp': 0.5, 't_exit': 60, 'q': 0.01, 'slip': 0.5}",7375,737.5,-0.5031612184986852,0.5945868810350569,0.719864406779661,1.0954593729083744,-4.611136397482266,18.0,0.06201038255351182,0.008496623603392787,-371.0813986427803,-5.058356927119735,0/2,0/10
"{'signal': 'dimb05', 'theta': 0.5, 't_entry': 60, 'exit': 'target', 'tp': 0.5, 't_exit': 120, 'q': 0.01, 'slip': 0.5}",6384,638.4,-0.4599072150101878,0.7145664368144629,0.8009085213032582,1.1152951582047619,-6.796657596007858,18.0,0.07259089607412192,-0.009495872555026035,-293.60476606250387,-4.000456376049621,0/2,1/10
"{'signal': 'dimb05', 'theta': 0.5, 't_entry': 60, 'exit': 'target', 'tp': 1.0, 't_exit': 60, 'q': 0.01, 'slip': 0.5}",7184,718.4,-0.4863891921405907,0.9526304508323608,0.688891982182628,1.3014873869740362,-4.445315899092845,22.0,0.06342025346332039,-0.014415432579850883,-349.42199563380046,-4.958909037609524,0/2,0/10
"{'signal': 'dimb05', 'theta': 0.5, 't_entry': 60, 'exit': 'target', 'tp': 1.0, 't_exit': 120, 'q': 0.01, 'slip': 0.5}",6122,612.2,-0.46340780630263906,0.9545969810870474,0.7745834694544267,1.317610730144723,-6.5834004873413265,22.0,0.0741977160817433,-0.023468579562366657,-283.6982590184756,-3.6691143972798757,0/2,2/10
"{'signal': 'dimb05', 'theta': 0.5, 't_entry': 60, 'exit': 'touch', 'tp': 0.0, 't_exit': 60, 'q': 0.01, 'slip': 0.5}",7532,753.2,-0.5338303877624826,0.5940288230330713,0.7401752522570366,0.9100291933826357,-4.647022602828418,16.0,0.05961363696265954,-0.022555267983581612,-402.0810480627018,-4.788556527372123,0/2,0/10
"{'signal': 'dimb05', 'theta': 0.5, 't_entry': 60, 'exit': 'touch', 'tp': 0.0, 't_exit': 120, 'q': 0.01, 'slip': 0.5}",6604,660.4,-0.4640167919958955,0.7142814626356488,0.8176862507571169,0.9466336095877351,-6.790854141291248,16.0,0.06964535637652038,-0.022083917416843644,-306.4366894340893,-3.849674525693572,0/2,1/10
"{'signal': 'dimb05', 'theta': 0.7, 't_entry': 10, 'exit': 'target', 'tp': 0.5, 't_exit': 60, 'q': 0.01, 'slip': 0.5}",6498,649.8,-0.5815665622852565,0.578198449291089,0.7405355493998154,0.976720390264946,-5.029061707997934,16.0,-0.035795966510177794,0.004327165800744388,-377.90195217295974,-4.178137235391583,0/2,0/10
"{'signal': 'dimb05', 'theta': 0.7, 't_entry': 10, 'exit': 'target', 'tp': 0.5, 't_exit': 120, 'q': 0.01, 'slip': 0.5}",5633,563.3,-0.5063435952905675,0.6947982769002733,0.816793893129771,0.9949217228536665,-7.199484805350278,16.0,-0.01918667175722339,-0.031010208885185006,-285.2233472271767,-4.036454536057237,0/2,0/10
"{'signal': 'dimb05', 'theta': 0.7, 't_entry': 10, 'exit': 'target', 'tp': 1.0, 't_exit': 60, 'q': 0.01, 'slip': 0.5}",6221,622.1,-0.5684936307955274,0.9521769144707087,0.7021379199485613,1.2164635748866122,-4.776099175544359,20.0,-0.03394537449748842,-0.0133359976181694,-353.65988771789756,-4.138425977320218,0/2,0/10
"{'signal': 'dimb05', 'theta': 0.7, 't_entry': 10, 'exit': 'target', 'tp': 1.0, 't_exit': 120, 'q': 0.01, 'slip': 0.5}",5381,538.1,-0.49004595191410827,0.9534365428390956,0.7868425943133247,1.2265160613085613,-6.826509390436151,20.0,-0.018612007397175882,-0.003905623336608962,-263.6937267249816,-3.818544593343386,0/2,0/10
"{'signal': 'dimb05', 'theta': 0.7, 't_entry': 10, 'exit': 'touch', 'tp': 0.0, 't_exit': 60, 'q': 0.01, 'slip': 0.5}",6699,669.9,-0.6082584634825722,0.48143467533249085,0.7638453500522466,0.7696027348445009,-5.064968799664388,13.0,-0.03865193118900357,-0.011048136747970292,-407.472344686975,-4.035447336724349,0/2,0/10
"{'signal': 'dimb05', 'theta': 0.7, 't_entry': 10, 'exit': 'touch', 'tp': 0.0, 't_exit': 120, 'q': 0.01, 'slip': 0.5}",5879,587.9,-0.5317592727897792,0.6018585391689537,0.8326245960197313,0.8074884716747793,-7.193972391848736,13.0,-0.023623994874636182,-0.02580091693427206,-312.62127647311115,-4.121895398508405,0/2,0/10
"{'signal': 'dimb05', 'theta': 0.7, 't_entry': 30, 'exit': 'target', 'tp': 0.5, 't_exit': 60, 'q': 0.01, 'slip': 0.5}",7037,703.7,-0.5534830403738303,0.5909536810504793,0.721472218274833,1.068319255494371,-4.754447456763044,18.0,0.03398649958709844,-0.03463160128020585,-389.48601551106447,-5.106769594334062,0/2,0/10
"{'signal': 'dimb05', 'theta': 0.7, 't_entry': 30, 'exit': 'target', 'tp': 0.5, 't_exit': 120, 'q': 0.01, 'slip': 0.5}",6046,604.6,-0.5214527672668855,0.7111026833273417,0.7963943102877936,1.0854525969059314,-6.8067893460582045,18.0,0.04169162093207949,-0.07630093500561128,-315.270343089559,-4.341716825085856,0/2,0/10
"{'signal': 'dimb05', 'theta': 0.7, 't_entry': 30, 'exit': 'target', 'tp': 1.0, 't_exit': 60, 'q': 0.01, 'slip': 0.5}",6801,680.1,-0.5340476037264194,0.9525056852683089,0.6878400235259521,1.292194491630084,-4.558145824205798,22.0,0.0381738435055528,-0.030688886097766842,-363.2057752943378,-5.328604839885748,0/2,0/10
"{'signal': 'dimb05', 'theta': 0.7, 't_entry': 30, 'exit': 'target', 'tp': 1.0, 't_exit': 120, 'q': 0.01, 'slip': 0.5}",5783,578.3,-0.5076314467914416,0.9543919926511817,0.7693238803389244,1.3019648528440861,-6.542784323162104,22.0,0.04549772939459827,-0.057896122458076106,-293.56326567949066,-4.416186763314464,0/2,0/10
"{'signal': 'dimb05', 'theta': 0.7, 't_entry': 30, 'exit': 'touch', 'tp': 0.0, 't_exit': 60, 'q': 0.01, 'slip': 0.5}",7192,719.2,-0.5612057302113334,0.5909466966905137,0.7424916573971079,0.88098195612221,-4.719565473743256,16.0,0.03125169763063021,-0.03181889930163971,-403.6191611679909,-4.836207535703714,0/2,0/10
"{'signal': 'dimb05', 'theta': 0.7, 't_entry': 30, 'exit': 'touch', 'tp': 0.0, 't_exit': 120, 'q': 0.01, 'slip': 0.5}",6283,628.3,-0.508870066918678,0.7110352673492605,0.8145790227598281,0.9122276239030149,-6.751941295781703,15.0,0.038227892859675684,-0.07193560448337318,-319.7230630450053,-4.138418859833825,0/2,0/10
"{'signal': 'dimb05', 'theta': 0.7, 't_entry': 60, 'exit': 'target', 'tp': 0.5, 't_exit': 60, 'q': 0.01, 'slip': 0.5}",6873,687.3,-0.5059724370047727,0.5943536404160475,0.7197730248799651,1.1025486430542537,-4.637516457280994,18.0,0.07338613010559657,0.007236366929985942,-347.7548559533802,-5.0028071417734035,0/2,0/10
"{'signal': 'dimb05', 'theta': 0.7, 't_entry': 60, 'exit': 'target', 'tp': 0.5, 't_exit': 120, 'q': 0.01, 'slip': 0.5}",5991,599.1,-0.4570580251444512,0.7144643303683063,0.800534134535136,1.1232595044040068,-6.799487206495418,18.0,0.08397128424398609,-0.05314214858231302,-273.8234628640407,-4.146336105903786,0/2,0/10
"{'signal': 'dimb05', 'theta': 0.7, 't_entry': 60, 'exit': 'target', 'tp': 1.0, 't_exit': 60, 'q': 0.01, 'slip': 0.5}",6684,668.4,-0.4931916889394541,0.9526077637532746,0.6880610412926391,1.3106355989884055,-4.47199346216738,22.0,0.07284195130430865,-0.015081637052933819,-329.6493248871311,-4.844476778686162,0/2,0/10
"{'signal': 'dimb05', 'theta': 0.7, 't_entry': 60, 'exit': 'target', 'tp': 1.0, 't_exit': 120, 'q': 0.01, 'slip': 0.5}",5734,573.4,-0.43081292115562697,0.9549388242315726,0.776421346355075,1.3276339529076235,-6.537369460414278,22.0,0.08090953695660898,-0.011006006162576644,-247.0281289906365,-3.965544020314803,0/2,0/10
"{'signal': 'dimb05', 'theta': 0.7, 't_entry': 60, 'exit': 'touch', 'tp': 0.0, 't_exit': 60, 'q': 0.01, 'slip': 0.5}",7024,702.4,-0.5227935711790549,0.5943147847898925,0.7416002277904328,0.9191110167512885,-4.661020016649666,16.0,0.07165207707174616,0.0007909322206368578,-367.21020439616825,-4.829796219057922,0/2,0/10
"{'signal': 'dimb05', 'theta': 0.7, 't_entry': 60, 'exit': 'touch', 'tp': 0.0, 't_exit': 120, 'q': 0.01, 'slip': 0.5}",6229,622.9,-0.43100297644512925,0.7142261954360946,0.8205169369080109,0.9524016577513028,-6.755315217391429,16.0,0.07960315756210155,-0.022900728593622414,-268.47175402767095,-4.1384431853608605,0/2,0/10
"{'signal': 'bimb', 'theta': 0.3, 't_entry': 10, 'exit': 'target', 'tp': 0.5, 't_exit': 60, 'q': 0.01, 'slip': 0.5}",13683,1368.3,-0.5231484017796098,0.7155037742824093,0.7027698604107286,1.3442634063767054,-4.938450085386968,20.0,0.18906372670067786,-0.2855019050165057,-715.82395815504,-4.768928721883298,0/2,0/10
"{'signal': 'bimb', 'theta': 0.3, 't_entry': 10, 'exit': 'target', 'tp': 0.5, 't_exit': 120, 'q': 0.01, 'slip': 0.5}",10699,1069.9,-0.4080232009334133,0.9385375239033776,0.7897934386391251,1.332129804803954,-6.946170332316587,20.0,0.18315339732195624,-0.25287804308543066,-436.54402267865896,-3.9623408728711538,0/2,1/10
"{'signal': 'bimb', 'theta': 0.3, 't_entry': 10, 'exit': 'target', 'tp': 1.0, 't_exit': 60, 'q': 0.01, 'slip': 0.5}",13260,1326.0,-0.5178908756278575,0.9574130699194516,0.679788838612368,1.5024810456906401,-4.8070177005842725,23.0,0.1890992857079163,-0.29659413188331846,-686.7233010825391,-4.78325799390093,0/2,0/10
"{'signal': 'bimb', 'theta': 0.3, 't_entry': 10, 'exit': 'target', 'tp': 1.0, 't_exit': 120, 'q': 0.01, 'slip': 0.5}",10353,1035.3,-0.3827066646051008,0.9654373431164318,0.7730126533371969,1.4970477020439124,-6.7842701523889515,22.0,0.19179454474359375,-0.2668811280834014,-396.21620986566086,-4.080509479823828,0/2,1/10
"{'signal': 'bimb', 'theta': 0.3, 't_entry': 10, 'exit': 'touch', 'tp': 0.0, 't_exit': 60, 'q': 0.01, 'slip': 0.5}",14061,1406.1,-0.5271432122231173,0.7143282338234419,0.7232060308655145,1.1744767618085126,-4.973128185483047,17.0,0.18286917027739708,-0.31493171414465504,-741.2160707069254,-4.605736571906295,0/2,0/10
"{'signal': 'bimb', 'theta': 0.3, 't_entry': 10, 'exit': 'touch', 'tp': 0.0, 't_exit': 120, 'q': 0.01, 'slip': 0.5}",11165,1116.5,-0.42206634623585315,0.8454106280193238,0.8044782803403493,1.1741002990879796,-6.989528008305788,17.0,0.17254915787647884,-0.2607102749049194,-471.2370755723299,-3.845217899060839,0/2,1/10
"{'signal': 'bimb', 'theta': 0.3, 't_entry': 30, 'exit': 'target', 'tp': 0.5, 't_exit': 60, 'q': 0.01, 'slip': 0.5}",12437,1243.7,-0.5222843795443487,0.7168972686214065,0.6935756211304978,1.3851927546683696,-4.8397595198536925,20.0,0.226335776018824,-0.3442814353893685,-649.5650828393066,-4.61963111519406,0/2,0/10
"{'signal': 'bimb', 'theta': 0.3, 't_entry': 30, 'exit': 'target', 'tp': 0.5, 't_exit': 120, 'q': 0.01, 'slip': 0.5}",9765,976.5,-0.42816526298651747,0.9485191245168481,0.7796210957501281,1.3803992647381536,-6.82621440312031,21.0,0.22594953677047427,-0.29904115922385505,-418.1033793063343,-3.9595782987538537,0/2,1/10
"{'signal': 'bimb', 'theta': 0.3, 't_entry': 30, 'exit': 'target', 'tp': 1.0, 't_exit': 60, 'q': 0.01, 'slip': 0.5}",12095,1209.5,-0.5025077543889577,0.9573958831977022,0.6729226953286482,1.5428327231678483,-4.710552786450343,23.0,0.22730364860112615,-0.31445343347613686,-607.7831289334442,-4.862697430711387,0/2,0/10
"{'signal': 'bimb', 'theta': 0.3, 't_entry': 30, 'exit': 'target', 'tp': 1.0, 't_exit': 120, 'q': 0.01, 'slip': 0.5}",9560,956.0,-0.4074985232105661,1.0397352219044,0.7655857740585774,1.5371178729091342,-6.758523691974551,23.0,0.2353133831208529,-0.3050564745074421,-389.5685881893013,-4.115583389931734,0/2,1/10
"{'signal': 'bimb', 'theta': 0.3, 't_entry': 30, 'exit': 'touch', 'tp': 0.0, 't_exit': 60, 'q': 0.01, 'slip': 0.5}",12689,1268.9,-0.5257953376981426,0.7147281650545576,0.7103002600677752,1.2171588282270047,-4.799257224935181,18.0,0.2204370154049849,-0.2953515860081922,-667.1817040051731,-4.582699424244571,0/2,0/10
"{'signal': 'bimb', 'theta': 0.3, 't_entry': 30, 'exit': 'touch', 'tp': 0.0, 't_exit': 120, 'q': 0.01, 'slip': 0.5}",10083,1008.3,-0.4271255481438735,0.94631999810736,0.7940097193295647,1.2350139430632725,-6.834005069860008,18.0,0.22360983998714634,-0.3018058022095907,-430.67069019346764,-4.059621604126346,0/2,1/10
"{'signal': 'bimb', 'theta': 0.3, 't_entry': 60, 'exit': 'target', 'tp': 0.5, 't_exit': 60, 'q': 0.01, 'slip': 0.5}",11061,1106.1,-0.4791609040842865,0.7169658007313051,0.6939698038152066,1.3910136489579221,-4.720064853612202,21.0,0.24497931129382586,-0.3322282195720114,-529.9998760076294,-4.575548763146754,0/2,0/10
"{'signal': 'bimb', 'theta': 0.3, 't_entry': 60, 'exit': 'target', 'tp': 0.5, 't_exit': 120, 'q': 0.01, 'slip': 0.5}",8977,897.7,-0.3671611432631208,0.9477999194370069,0.7836693772975382,1.3958796807757765,-6.753871852384462,21.0,0.24555686401837243,-0.3077299287130781,-329.6005583073035,-3.8990965552858463,0/2,2/10
"{'signal': 'bimb', 'theta': 0.3, 't_entry': 60, 'exit': 'target', 'tp': 1.0, 't_exit': 60, 'q': 0.01, 'slip': 0.5}",10734,1073.4,-0.4778201625427739,0.9574302571897029,0.6706726290292528,1.5538222672496824,-4.615244165958868,24.0,0.2465945437364,-0.33204029972072874,-512.8921624734135,-4.540435287067773,0/2,1/10
"{'signal': 'bimb', 'theta': 0.3, 't_entry': 60, 'exit': 'target', 'tp': 1.0, 't_exit': 120, 'q': 0.01, 'slip': 0.5}",8742,874.2,-0.3532300372676735,1.0397292151033894,0.7688172043010753,1.5492497769249578,-6.6800815123734,23.0,0.24039978352598962,-0.277866884289031,-308.79369857940014,-3.808558152942032,0/2,2/10
"{'signal': 'bimb', 'theta': 0.3, 't_entry': 60, 'exit': 'touch', 'tp': 0.0, 't_exit': 60, 'q': 0.01, 'slip': 0.5}",11293,1129.3,-0.48781431570183004,0.7155976432984281,0.7113255999291597,1.2256189256478196,-4.709903035874142,18.0,0.23743395685406274,-0.33607319894985677,-550.8887067220768,-4.340160301632463,0/2,1/10
"{'signal': 'bimb', 'theta': 0.3, 't_entry': 60, 'exit': 'touch', 'tp': 0.0, 't_exit': 120, 'q': 0.01, 'slip': 0.5}",9237,923.7,-0.3931353290121525,0.9464095587365432,0.7962541950849843,1.2423767090749367,-6.784841513991186,18.0,0.2409365226798155,-0.2917986915570608,-363.1391034085252,-3.699312533856615,0/2,2/10
"{'signal': 'bimb', 'theta': 0.5, 't_entry': 10, 'exit': 'target', 'tp': 0.5, 't_exit': 60, 'q': 0.01, 'slip': 0.5}",13079,1307.9,-0.5065521262913477,0.719010641357492,0.7074699900604021,1.3597035464227007,-5.020003182125924,19.0,0.20003772437540113,-0.2628223056137622,-662.5195259764536,-4.363903333158349,0/2,1/10
"{'signal': 'bimb', 'theta': 0.5, 't_entry': 10, 'exit': 'target', 'tp': 0.5, 't_exit': 120, 'q': 0.01, 'slip': 0.5}",10342,1034.2,-0.37051960389118394,0.9497916395929704,0.7948172500483466,1.3535518997115166,-7.0490623746801555,19.0,0.2004008016101189,-0.26338851884391373,-383.19137434426244,-3.1465341382410945,0/2,2/10
"{'signal': 'bimb', 'theta': 0.5, 't_entry': 10, 'exit': 'target', 'tp': 1.0, 't_exit': 60, 'q': 0.01, 'slip': 0.5}",12751,1275.1,-0.500851998397436,0.958543014617781,0.6857501372441377,1.523477741409558,-4.918306264649583,22.0,0.20435027216999324,-0.2652600099061407,-638.6363831565707,-4.486588758961897,0/2,1/10
"{'signal': 'bimb', 'theta': 0.5, 't_entry': 10, 'exit': 'target', 'tp': 1.0, 't_exit': 120, 'q': 0.01, 'slip': 0.5}",9977,997.7,-0.3491325929268373,1.0427770310979283,0.7772877618522602,1.5148616364000247,-6.854657007161677,22.0,0.20834630485307395,-0.25349249493565784,-348.3295879631055,-3.1668639719274525,0/2,2/10
"{'signal': 'bimb', 'theta': 0.5, 't_entry': 10, 'exit': 'touch', 'tp': 0.0, 't_exit': 60, 'q': 0.01, 'slip': 0.5}",13425,1342.5,-0.5153383830221888,0.7185284537267675,0.7262569832402235,1.1923463339094431,-5.045930489167334,17.0,0.1904042559519793,-0.2704107472905122,-691.8417792072885,-4.258941122761078,0/2,0/10
"{'signal': 'bimb', 'theta': 0.5, 't_entry': 10, 'exit': 'touch', 'tp': 0.0, 't_exit': 120, 'q': 0.01, 'slip': 0.5}",10716,1071.6,-0.38567299302104446,0.945894819802297,0.8076707726763718,1.1933081735624387,-7.016474544103066,17.0,0.19102382559464406,-0.2127737223848724,-413.28717932135123,-3.3278928322484513,0/2,2/10
"{'signal': 'bimb', 'theta': 0.5, 't_entry': 30, 'exit': 'target', 'tp': 0.5, 't_exit': 60, 'q': 0.01, 'slip': 0.5}",12083,1208.3,-0.4840918087957077,0.7224650507531698,0.6975916577009021,1.3891145638550897,-4.805180072362639,20.0,0.23335993866727303,-0.3080021747262895,-584.9281325678537,-4.675955866116562,0/2,0/10
"{'signal': 'bimb', 'theta': 0.5, 't_entry': 30, 'exit': 'target', 'tp': 0.5, 't_exit': 120, 'q': 0.01, 'slip': 0.5}",9646,964.6,-0.4246108926945923,0.9492901130337293,0.7821895086046029,1.3803997159163868,-6.906669456221406,21.0,0.2229945190117516,-0.354996726839307,-409.57966709320374,-4.061712382515831,0/2,1/10
"{'signal': 'bimb', 'theta': 0.5, 't_entry': 30, 'exit': 'target', 'tp': 1.0, 't_exit': 60, 'q': 0.01, 'slip': 0.5}",11765,1176.5,-0.4886877949426177,0.9580608847692271,0.6746281342966426,1.5468680253992775,-4.709222420348475,24.0,0.2359084217750673,-0.3253402138720782,-574.9411907499896,-4.707195905967486,0/2,0/10
"{'signal': 'bimb', 'theta': 0.5, 't_entry': 30, 'exit': 'target', 'tp': 1.0, 't_exit': 120, 'q': 0.01, 'slip': 0.5}",9351,935.1,-0.4057133937665666,1.0421612107597356,0.767404555662496,1.5413442766543208,-6.829660907762102,23.0,0.23299617285209684,-0.36561900372903017,-379.38259451111645,-3.6544996300049304,0/2,2/10
"{'signal': 'bimb', 'theta': 0.5, 't_entry': 30, 'exit': 'touch', 'tp': 0.0, 't_exit': 60, 'q': 0.01, 'slip': 0.5}",12358,1235.8,-0.5080951592240566,0.7188512756872891,0.71338404272536,1.2304107382734293,-4.835217686705093,18.0,0.23287910546861648,-0.31373343629158634,-627.9039977690891,-4.598354519029106,0/2,0/10
"{'signal': 'bimb', 'theta': 0.5, 't_entry': 30, 'exit': 'touch', 'tp': 0.0, 't_exit': 120, 'q': 0.01, 'slip': 0.5}",9964,996.4,-0.4395361666701597,0.9477213230771182,0.7957647531112003,1.23526909234586,-6.965104175878031,18.0,0.22479088707800315,-0.32241077554188147,-437.95383647014717,-4.059042557070255,0/2,1/10
"{'signal': 'bimb', 'theta': 0.5, 't_entry': 60, 'exit': 'target', 'tp': 0.5, 't_exit': 60, 'q': 0.01, 'slip': 0.5}",10683,1068.3,-0.4450622737778739,0.7207986448985475,0.6961527660769447,1.3996022735381268,-4.671424023127566,21.0,0.2516617763104797,-0.28438247644409365,-475.4600270769027,-4.286177958939251,0/2,0/10
"{'signal': 'bimb', 'theta': 0.5, 't_entry': 60, 'exit': 'target', 'tp': 0.5, 't_exit': 120, 'q': 0.01, 'slip': 0.5}",8790,879.0,-0.40769312510728495,0.9506381170433692,0.7813424345847554,1.4023774227770454,-6.875728776964506,21.0,0.2497724543436308,-0.3498160601120973,-358.3622569693035,-3.4910882121214133,0/2,2/10
"{'signal': 'bimb', 'theta': 0.5, 't_entry': 60, 'exit': 'target', 'tp': 1.0, 't_exit': 60, 'q': 0.01, 'slip': 0.5}",10453,1045.3,-0.4553071090183297,0.958451142952988,0.6755955228164163,1.5573358947601572,-4.646780094180134,24.0,0.2534539512328789,-0.29394199789801817,-475.9325210568601,-4.520618620972281,0/2,0/10
"{'signal': 'bimb', 'theta': 0.5, 't_entry': 60, 'exit': 'target', 'tp': 1.0, 't_exit': 120, 'q': 0.01, 'slip': 0.5}",8591,859.1,-0.4020163053181582,1.0422698320787493,0.7674310324758468,1.5466821454746427,-6.832331063114423,23.0,0.24974210060225638,-0.3741117242125297,-345.37220789882974,-3.6928439070101815,0/2,2/10
"{'signal': 'bimb', 'theta': 0.5, 't_entry': 60, 'exit': 'touch', 'tp': 0.0, 't_exit': 60, 'q': 0.01, 'slip': 0.5}",10943,1094.3,-0.4704294637113453,0.7185542688111519,0.7123275153065887,1.2370956181926394,-4.698560980052375,18.0,0.24630095826691534,-0.2923402406770485,-514.7909621393253,-4.2054709130635315,0/2,0/10
"{'signal': 'bimb', 'theta': 0.5, 't_entry': 60, 'exit': 'touch', 'tp': 0.0, 't_exit': 120, 'q': 0.01, 'slip': 0.5}",9085,908.5,-0.400919104835626,0.9482268158543523,0.7980187121629059,1.2409826473025058,-6.887996872138872,18.0,0.23689936194507094,-0.3175441325273515,-364.2350067431662,-3.5842526325336337,0/2,2/10
"{'signal': 'bimb', 'theta': 0.7, 't_entry': 10, 'exit': 'target', 'tp': 0.5, 't_exit': 60, 'q': 0.01, 'slip': 0.5}",12399,1239.9,-0.5439962012699171,0.7210585138984029,0.7052988144205178,1.3769674938012155,-5.1413764731355585,19.0,0.20397166332409133,-0.3397736719973855,-674.5008899545701,-4.211234505307731,0/2,1/10
"{'signal': 'bimb', 'theta': 0.7, 't_entry': 10, 'exit': 'target', 'tp': 0.5, 't_exit': 120, 'q': 0.01, 'slip': 0.5}",9890,989.0,-0.39416365399677017,0.9507623927278486,0.7928210313447928,1.3646809471588728,-7.1248130037583115,19.0,0.19867306384941233,-0.3061261817818954,-389.82785380280575,-3.412173856133261,0/2,2/10
"{'signal': 'bimb', 'theta': 0.7, 't_entry': 10, 'exit': 'target', 'tp': 1.0, 't_exit': 60, 'q': 0.01, 'slip': 0.5}",12111,1211.1,-0.5253191499374278,0.959014133470792,0.6846668318057963,1.5383556678930643,-5.006071071762628,22.0,0.21020368629383085,-0.3397209288489152,-636.2140224892189,-4.265157991536885,0/2,0/10
"{'signal': 'bimb', 'theta': 0.7, 't_entry': 10, 'exit': 'target', 'tp': 1.0, 't_exit': 120, 'q': 0.01, 'slip': 0.5}",9561,956.1,-0.37822975263341635,1.0467185373852972,0.7740822089739567,1.5259034166443763,-6.9025304868116315,22.0,0.21012018124224974,-0.3094347091122583,-361.6254664928093,-3.579176914791932,0/2,2/10
"{'signal': 'bimb', 'theta': 0.7, 't_entry': 10, 'exit': 'touch', 'tp': 0.0, 't_exit': 60, 'q': 0.01, 'slip': 0.5}",12754,1275.4,-0.5438266862117179,0.7195064188296432,0.7244001881762584,1.2068772255551963,-5.145463511479007,17.0,0.19940582681736235,-0.34722310074350804,-693.5965555944251,-4.169059930413164,0/2,1/10
"{'signal': 'bimb', 'theta': 0.7, 't_entry': 10, 'exit': 'touch', 'tp': 0.0, 't_exit': 120, 'q': 0.01, 'slip': 0.5}",10209,1020.9,-0.42586407353562367,0.9479683852543518,0.8048780487804879,1.202881136726435,-7.144438065866615,17.0,0.1880232400390684,-0.3062514843008226,-434.7646326725182,-3.48461456493506,0/2,2/10
"{'signal': 'bimb', 'theta': 0.7, 't_entry': 30, 'exit': 'target', 'tp': 0.5, 't_exit': 60, 'q': 0.01, 'slip': 0.5}",11629,1162.9,-0.44675957178875103,0.8270419073949362,0.7049617335970418,1.3997024013412647,-4.858678911841175,20.0,0.23807945343411221,-0.2759152179772814,-519.5367060331386,-4.281709649454169,0/2,0/10
"{'signal': 'bimb', 'theta': 0.7, 't_entry': 30, 'exit': 'target', 'tp': 0.5, 't_exit': 120, 'q': 0.01, 'slip': 0.5}",9390,939.0,-0.35949712732823413,0.953902654369758,0.7859424920127795,1.4053399799651627,-6.8393468048532435,20.0,0.24035496357648553,-0.3137986413376897,-337.56780256121186,-3.3433525095049585,0/2,1/10
"{'signal': 'bimb', 'theta': 0.7, 't_entry': 30, 'exit': 'target', 'tp': 1.0, 't_exit': 60, 'q': 0.01, 'slip': 0.5}",11387,1138.7,-0.4712756308938218,0.9585200450504421,0.6804250461052077,1.551613508615227,-4.778322911167553,23.0,0.23940341241598603,-0.3069398038064435,-536.6415608987948,-4.545298810904505,0/2,0/10
"{'signal': 'bimb', 'theta': 0.7, 't_entry': 30, 'exit': 'target', 'tp': 1.0, 't_exit': 120, 'q': 0.01, 'slip': 0.5}",9056,905.6,-0.3783447525723026,1.0450655523563712,0.7659010600706714,1.5512035499457566,-6.691244293263462,23.0,0.24424054494109737,-0.36139543690059883,-342.6290079294771,-3.533881419808395,0/2,2/10
"{'signal': 'bimb', 'theta': 0.7, 't_entry': 30, 'exit': 'touch', 'tp': 0.0, 't_exit': 60, 'q': 0.01, 'slip': 0.5}",11961,1196.1,-0.47089551080632946,0.8131875791405769,0.7218459994983697,1.234372991871233,-4.896290236420419,18.0,0.23484016426577214,-0.30135468368557483,-563.2381204754507,-4.236468514814631,0/2,0/10
"{'signal': 'bimb', 'theta': 0.7, 't_entry': 30, 'exit': 'touch', 'tp': 0.0, 't_exit': 120, 'q': 0.01, 'slip': 0.5}",9698,969.8,-0.3929661735607313,0.95179740995498,0.7995462982058157,1.2558253640867783,-6.969473160658874,18.0,0.23856888989582037,-0.3353373437516535,-381.0985951191973,-3.7110652655316687,0/2,1/10
"{'signal': 'bimb', 'theta': 0.7, 't_entry': 60, 'exit': 'target', 'tp': 0.5, 't_exit': 60, 'q': 0.01, 'slip': 0.5}",10395,1039.5,-0.42421738462930464,0.8249852681202122,0.7011063011063011,1.4130621747156253,-4.733870885918603,21.0,0.2624507782485926,-0.2858137774767667,-440.9739713221623,-4.087942963174329,0/2,1/10
"{'signal': 'bimb', 'theta': 0.7, 't_entry': 60, 'exit': 'target', 'tp': 0.5, 't_exit': 120, 'q': 0.01, 'slip': 0.5}",8531,853.1,-0.3910390946683534,0.9516445607565575,0.782909389286133,1.4060859571729032,-6.872139646098026,21.0,0.25234120317896713,-0.3725484708273252,-333.59545166157227,-3.519108955751257,0/2,2/10
"{'signal': 'bimb', 'theta': 0.7, 't_entry': 60, 'exit': 'target', 'tp': 1.0, 't_exit': 60, 'q': 0.01, 'slip': 0.5}",10162,1016.2,-0.4281391320918689,0.9586521351324668,0.6790001968116512,1.5703931869380512,-4.655568010481338,23.0,0.25799324807531815,-0.2882668903615252,-435.0749860317571,-4.371212809684059,0/2,1/10
"{'signal': 'bimb', 'theta': 0.7, 't_entry': 60, 'exit': 'target', 'tp': 1.0, 't_exit': 120, 'q': 0.01, 'slip': 0.5}",8334,833.4,-0.38689662852005147,1.042450918495372,0.7652987760979122,1.5560347165388686,-6.722283192316469,24.0,0.25413553552573387,-0.40303125997528716,-322.4396502086109,-3.7222653657482865,0/2,2/10
"{'signal': 'bimb', 'theta': 0.7, 't_entry': 60, 'exit': 'touch', 'tp': 0.0, 't_exit': 60, 'q': 0.01, 'slip': 0.5}",10673,1067.3,-0.42492481079415567,0.812630601346645,0.7203223086292514,1.2520508824985328,-4.744050147489027,18.0,0.25579018704100037,-0.28681799826344256,-453.52225056060234,-4.296326562564758,0/2,0/10
"{'signal': 'bimb', 'theta': 0.7, 't_entry': 60, 'exit': 'touch', 'tp': 0.0, 't_exit': 120, 'q': 0.01, 'slip': 0.5}",8897,889.7,-0.3649499020030117,0.9512372028870049,0.8001573564122738,1.2532464916169013,-6.844106328426048,18.0,0.2501825361546862,-0.2968329643647883,-324.69592781207945,-3.6482717602404606,0/2,2/10
