feature,bitfinex_median_as_bybit_quantile,bybit_median,bitfinex_median,bitfinex_nan_share,shift
ret_1,0.472,0.0,0.0,0.0,0.028000000000000025
ret_5,0.51,-0.0155,0.0595,0.0,0.010000000000000009
ret_15,0.515,-0.0129,0.3513,0.001,0.015000000000000013
ret_60,0.513,0.4609,1.1229,0.005,0.013000000000000012
ret_240,0.503,2.8254,3.1292,0.019,0.0030000000000000027
lrv_5,0.41,-16.11,-16.3864,0.0,0.09000000000000002
lrv_15,0.401,-16.0286,-16.3083,0.0,0.09899999999999998
lrv_60,0.394,-15.9422,-16.2149,0.002,0.10599999999999998
lrv_240,0.365,-15.8202,-16.1584,0.01,0.135
lrv_1440,0.448,-15.5572,-15.6393,0.058,0.05199999999999999
rvr_5_60,0.515,-0.2195,-0.1977,0.002,0.015000000000000013
rvr_60_1440,0.504,-0.3659,-0.3582,0.058,0.0040000000000000036
rpos_60,0.516,0.5148,0.5319,0.005,0.016000000000000014
rpos_240,0.515,0.5306,0.545,0.019,0.015000000000000013
hl15_sig,0.577,1.3508,1.481,0.005,0.07699999999999996
tod_sin,0.52,0.0,0.0654,0.0,0.020000000000000018
tod_cos,0.508,-0.0,0.0262,0.0,0.008000000000000007
dow,0.576,3.0,4.0,0.0,0.07599999999999996
mins_to_funding,0.5,239.5,240.0,0.0,0.0
timb_1,0.467,-0.0057,-0.055,0.004,0.032999999999999974
timb_5,0.413,-0.0029,-0.0834,0.0,0.08700000000000002
timb_15,0.386,-0.0019,-0.0741,0.001,0.11399999999999999
timb_60,0.358,0.0008,-0.0541,0.005,0.14200000000000002
timb_tail,0.432,-0.0043,-0.2134,0.205,0.068
volz_1,0.263,-0.7219,-1.4407,0.019,0.237
volz_5,0.317,-0.4974,-0.9194,0.019,0.183
volz_60,0.404,-0.2799,-0.4432,0.019,0.09599999999999997
nlarge_5,0.073,-0.8333,-3.8062,0.019,0.427
nlarge_60,0.034,-0.3453,-2.0401,0.019,0.46599999999999997
ofi_1,0.47,-0.0022,-0.0394,0.019,0.030000000000000027
ofi_5,0.457,-0.027,-0.1124,0.019,0.04299999999999998
ofi_15,0.425,-0.0306,-0.2133,0.019,0.07500000000000001
ofi_tail,0.497,0.0002,-0.0002,0.019,0.0030000000000000027
netadd_1,0.051,0.3772,-0.2103,0.019,0.449
netadd_5,0.005,0.9434,-0.5315,0.019,0.495
spread_end,1.0,0.0153,1.5388,0.0,0.5
spread_m5,1.0,0.0154,1.6103,0.0,0.5
bimb_end,0.537,0.006,0.085,0.0,0.03700000000000003
bimb_m5,0.655,0.0041,0.0669,0.0,0.15500000000000003
bimb_m15,0.708,0.0047,0.0677,0.001,0.20799999999999996
micro_end,1.0,0.0,0.0471,0.0,0.5
dimb05_end,0.553,0.0183,0.1283,0.0,0.05300000000000005
dimb05_m5,0.492,0.0097,0.0067,0.0,0.008000000000000007
ldtot05_end,0.0,2.3685,-4.1536,0.0,0.5
dimb1_end,0.518,0.0147,0.0459,0.0,0.018000000000000016
dimb1_m5,0.587,0.0091,0.0495,0.0,0.08699999999999997
ldtot1_end,0.0,2.9584,-2.8012,0.0,0.5
dimb3_end,0.543,-0.0004,0.0298,0.0,0.04300000000000004
dimb3_m5,0.536,0.0038,0.0183,0.0,0.03600000000000003
ldtot3_end,0.0,4.4425,-0.2123,0.0,0.5
dtot1_chg,0.425,-0.0842,-0.1474,0.005,0.07500000000000001
l2_imb3,0.533,0.0067,0.0774,0.0,0.03300000000000003
l2_imb5,0.534,0.0104,0.0839,0.0,0.03400000000000003
l2_imb10,0.517,0.0146,0.0491,0.0,0.017000000000000015
l2_wimb10,0.562,0.0121,0.1452,0.0,0.062000000000000055
l2_imb10_m15,0.534,0.0096,0.0463,0.0,0.03400000000000003
l2_wimb10_m15,0.585,0.0084,0.1019,0.0,0.08499999999999996
l2_imb10_d15,0.499,-0.0011,-0.0019,0.0,0.0010000000000000009
l2_imb10_d60,0.497,0.0032,-0.0012,0.0,0.0030000000000000027
l2_wimb10_d15,0.501,-0.001,0.0,0.0,0.0010000000000000009
l2_slope_b,1.0,0.0337,2.1354,0.0,0.5
l2_slope_a,1.0,0.0315,2.1477,0.0,0.5
l2_slope_asym,0.511,-0.0296,0.0048,0.0,0.01100000000000001
l2_conc_b,0.0,0.8076,0.0023,0.0,0.5
l2_conc_a,0.001,0.8159,0.0022,0.0,0.499
l2_conc_asym,0.512,-0.0054,0.0002,0.0,0.01200000000000001
l2_near_b,0.0,0.1143,0.0,0.0,0.5
l2_near_a,0.0,0.1091,0.0,0.0,0.5
l2_near_asym,0.485,0.0053,0.0,0.0,0.015000000000000013
l2_tot_imb,0.409,-0.0023,-0.0415,0.0,0.09100000000000003
l2_reach_asym,0.036,0.0,-0.0939,0.0,0.464
l2_micro_m15,1.0,0.0,0.057,0.0,0.5
l2_micro_d5,0.501,-0.0,-0.0,0.0,0.0010000000000000009
l2_micro_d15,0.352,-0.0,-0.0017,0.0,0.14800000000000002
l2_micro_d30,0.225,-0.0,-0.0045,0.0,0.275
l2_micro_d60,0.487,0.0,-0.0001,0.0,0.013000000000000012
l2_mret_5,0.263,0.0,0.0,0.0,0.237
l2_mret_15,0.381,0.0,0.0,0.0,0.119
l2_mret_30,0.433,0.0,0.0,0.0,0.067
l2_bimb_d15,0.502,-0.0013,-0.0,0.0,0.0020000000000000018
l2_bimb_d60,0.499,0.0016,-0.0,0.0,0.0010000000000000009
l2_dimb05_d15,0.501,-0.0012,0.0,0.781,0.0010000000000000009
l2_ofi_5,0.494,0.0005,-0.0003,0.019,0.006000000000000005
l2_ofi_15,0.497,-0.0,-0.0014,0.019,0.0030000000000000027
l2_ofi_30,0.477,0.0006,-0.0173,0.019,0.02300000000000002
l2_timb_5,0.386,0.0,-0.4699,0.392,0.11399999999999999
l2_timb_15,0.48,-0.0043,-0.0567,0.115,0.020000000000000018
l2_timb_30,0.475,-0.0018,-0.0515,0.029,0.025000000000000022
l2_net_b_15,0.061,0.1514,-2.0198,0.0,0.439
l2_net_a_15,0.453,0.133,0.0151,0.0,0.046999999999999986
l2_net_asym_15,0.28,0.019,-1.4799,0.0,0.21999999999999997
l2_net_b_60,0.002,1.147,-3.9073,0.0,0.498
l2_net_a_60,0.421,1.1676,0.5144,0.0,0.07900000000000001
l2_net_asym_60,0.217,0.0197,-3.1974,0.0,0.28300000000000003
l2_dep05_b_d15,0.501,-0.0006,0.0,0.0,0.0010000000000000009
l2_dep05_a_d15,0.498,0.0015,0.0,0.0,0.0020000000000000018
l2_dep05_asym_d15,0.501,-0.0043,0.0,0.0,0.0010000000000000009
l2_resil_b,0.016,-0.0403,-0.5501,0.0,0.484
l2_resil_a,0.059,-0.0422,-0.3474,0.0,0.441
l2_resil_asym,0.194,0.003,-0.1964,0.0,0.306
l2_flow_dep_60,0.482,-0.0037,-0.0234,0.0,0.018000000000000016
l2_buy_dep_15,0.388,0.1235,0.0649,0.0,0.11199999999999999
l2_sell_dep_15,0.344,0.1236,0.049,0.0,0.15600000000000003
l2_flow_dep_15,0.498,0.0,0.0,0.0,0.0020000000000000018
l2_big_imb,0.299,0.0,0.0,0.0,0.201
l2_big_imb_15m,0.489,0.0066,0.0,0.001,0.01100000000000001
l2_agree,0.442,0.0,0.0,0.019,0.057999999999999996
l2_zsum,0.508,0.0006,0.1426,0.019,0.008000000000000007
l2_n_extreme,0.0,0.0,0.0,0.0,0.5
