venue,day,ok_pct,spread_med_bps,spread_p90_bps,touch_size_med_btc,depth_1bps_med_btc,depth_3bps_med_btc,trades_per_day,volume_btc_per_day,sec_with_trade_pct,msgs_per_sec,sigma_1min_bps,sec_mid_unchanged_pct
bitfinex_spot,2026-09-24,100.0,1.5424683052426122,2.137995747764013,0.000637035,0.060090330000000004,1.051111715,4564.0,47.83522092,15.17378977213063,85.58826000210018,3.086923650967426,48.33560852672477
bitfinex_spot,2026-09-25,100.0,1.4188590008867867,2.2621875353466803,0.00063003,0.060785925,0.9199877350000001,75532.0,1155.5600584499998,26.96759259259259,118.83480324074074,4.979239781113853,28.870370370370367
bitfinex_spot,2026-09-26,99.66550925925925,1.1888203335829857,1.7855782416805506,0.00047634,0.06269416500000002,1.03000544,40303.0,293.39746964999995,17.20138888888889,60.96163194444444,2.047323596365311,44.97453703703704
bitfinex_spot,2026-09-27,99.71527777777777,1.6553550736633007,2.486251620503288,0.00047402,0.003456509999999999,0.760063725,50668.0,424.80725711,19.591435185185187,68.89403935185184,2.686000641684736,40.84953703703704
bitfinex_spot,2026-09-28,99.50347222222223,1.6758037873165594,2.9990223187240956,0.0011907300000000027,0.02347897,0.75015579,83336.0,1714.3149735799998,31.583333333333336,134.02765046296295,5.417754306025469,23.97685185185185
bitfinex_spot,2026-09-29,100.0,2.0247616438682474,3.003923123599421,0.0005943,0.0,0.58965076,58443.0,515.29600653,21.511574074074076,116.88148148148149,4.302264838642426,30.150462962962965
bitfinex_spot,2026-09-30,99.96875,1.6776110818194891,2.8625612767023294,0.000696665,0.00959815999999999,0.6507733199999999,70298.0,1194.2066928200002,24.061342592592595,112.83236111111111,5.566788500928118,29.799768518518523
bitfinex_spot,2026-10-01,99.98495370370371,1.7850661367003648,2.992130696268813,0.0005695649999999955,0.001325304999999998,0.67618019,73690.0,1167.58644279,22.76388888888889,99.97019675925925,4.70940154895603,30.483796296296294
bitfinex_spot,2026-10-02,100.0,1.5319620309102802,2.681293316002075,0.00105588,0.059622305,0.876533745,90359.0,1832.65596775,30.30787037037037,117.0134375,5.608398936484499,25.359953703703702
bitfinex_spot,2026-10-03,99.75252525252525,0.9454588429947408,1.4183055975794252,0.00047288,0.119395795,1.009338215,12696.0,65.12028581,11.79040404040404,45.483030303030304,1.4282547443508131,46.88131313131313
bybit_perp,2026-07-01,100.0,0.016913247725095584,0.017075907874549972,2.5360000133514404,21.6875,98.65150451660156,2998136.0,110530.6171875,84.9988425925926,9.99291706085205,7.088854095848907,60.08680555555556
bybit_perp,2026-08-19,100.0,0.015491734771980223,0.015554458103028183,4.489999771118164,37.060997009277344,159.2624969482422,2803910.0,152017.640625,76.50231481481482,9.964513778686523,11.125793793731402,71.87037037037037
