signal,H,thr,n,per_day,gross_bps,t_daily,days_pos,spread_rt_bps,net_after_spread,net_spread_plus_1bp_slip
dimb05_end,1,0.5,4623,462.3,0.12118668465134472,1.9732429175751285,7/10,1.6038663812034144,-1.4826796965520697,-2.4826796965520694
dimb05_end,1,0.7,4034,403.4,0.14080590277976382,1.5752840926088834,7/10,1.5950632443234816,-1.4542573415437177,-2.454257341543718
dimb05_end,5,0.5,1811,181.1,0.36098748175905754,1.8492744844138234,8/10,1.6090040207389151,-1.2480165389798576,-2.248016538979858
dimb05_end,5,0.7,1704,170.4,0.32179209914308105,1.0119869239290653,6/10,1.6054678424655833,-1.2836757433225023,-2.2836757433225023
dimb1_end,1,0.5,4946,494.6,0.23416661738016398,3.5074331481889436,10/10,1.624734236008131,-1.390567618627967,-2.390567618627967
dimb1_end,1,0.7,4629,462.9,0.3434266176545665,4.40579958680843,10/10,1.6305733139904601,-1.2871466963358937,-2.2871466963358937
dimb1_end,5,0.5,1880,188.0,0.13074704749170757,0.47938016061358435,6/10,1.6145740604489947,-1.483827012957287,-2.483827012957287
dimb1_end,5,0.7,1822,182.2,0.46238349617429964,1.98175116623681,9/10,1.6142920278446444,-1.1519085316703448,-2.151908531670345
bimb_end,1,0.5,4796,479.6,0.32196824864025514,3.8079175191997963,10/10,1.6559654333353961,-1.333997184695141,-2.333997184695141
bimb_end,1,0.7,4349,434.9,0.3635457024699598,4.177485224078741,9/10,1.6764500238319595,-1.3129043213619997,-2.3129043213619997
bimb_end,5,0.5,1879,187.9,0.10579382168644942,0.4432228378909207,7/10,1.6539953516496602,-1.5482015299632108,-2.548201529963211
bimb_end,5,0.7,1793,179.3,0.10713556574490768,0.7980554969386311,7/10,1.6779892702161674,-1.5708537044712596,-2.5708537044712596
l2_wimb10_end,1,0.5,5086,508.6,0.36257084781179166,4.120088460037421,9/10,1.547985322192807,-1.1854144743810153,-2.185414474381015
l2_wimb10_end,1,0.7,4394,439.4,0.45652461807961703,3.930815187728589,10/10,1.5069309924177134,-1.0504063743380965,-2.0504063743380962
l2_wimb10_end,5,0.5,1910,191.0,0.34114419852060546,2.29155851086224,9/10,1.536156996742423,-1.1950127982218175,-2.1950127982218177
l2_wimb10_end,5,0.7,1806,180.6,0.38362507832726567,1.942972767630183,7/10,1.4973412045704375,-1.1137161262431718,-2.1137161262431716
l2_imb3_end,1,0.5,4450,445.0,0.3085557768604267,5.2694438225234235,9/10,1.529367327658049,-1.2208115507976225,-2.2208115507976225
l2_imb3_end,1,0.7,3822,382.2,0.37943094836762653,5.025806270857044,9/10,1.466406999620944,-1.0869760512533173,-2.086976051253317
l2_imb3_end,5,0.5,1818,181.8,-0.13228290913676977,-0.4441395613661211,5/10,1.5383864498595023,-1.670669358996272,-2.670669358996272
l2_imb3_end,5,0.7,1673,167.3,0.04838094376769336,0.2618424558746001,5/10,1.4575022596767289,-1.4091213159090354,-2.4091213159090357
