H_min,model,bybit_r2,r2_external,bybit_spearman,spearman
5,vol_hgb,0.6825622834033522,0.716256848275155,0.8683311052279286,0.8482328706579678
5,vol_har,0.6797979311209186,0.7034015550699502,0.8610063877902765,0.8421845815277001
15,vol_hgb,0.7665951891942356,0.7634344758962301,0.8823604437391581,0.8734010176481865
15,vol_har,0.7670920985960745,0.7403493450590705,0.8748881084591611,0.8632719774849741
30,vol_hgb,0.7709433790031588,0.7742834517180137,0.8830098208646436,0.8796627670416483
30,vol_har,0.7682169148896406,0.7418171785087797,0.8724224377791573,0.8653470880968899
60,vol_hgb,0.7679964454507049,0.7772199973700725,0.8794810035934432,0.8773641463017012
60,vol_har,0.757653749259852,0.7179851006527664,0.862315402677907,0.8486453264374537
120,vol_hgb,0.7372082155481064,0.7717635886802099,0.865513842908994,0.8712137872018362
120,vol_har,0.7217958219688347,0.6577520843266096,0.835172555621156,0.8142965069005734
240,vol_hgb,0.6905015977065294,0.7334131590447273,0.839987149830777,0.8384317446440916
240,vol_har,0.661933643346903,0.5567514063087919,0.7953286855593285,0.7459804995594006
