H_min,group,model,shifted_feature_share,bybit_dir_auc,bitfinex_dir_auc,d_dir_auc,bybit_hit_auc,bitfinex_hit_auc,d_hit_auc,bybit_ic,bitfinex_ic
5,P,gb,0.0,0.5285748343688882,0.5318451199188207,0.0032702855499324723,0.708236985305444,0.723083333004336,0.014846347698892037,0.0496742236984162,0.0578708554563128
5,P,lr,0.0,0.5272738710200853,0.5308100236915337,0.003536152671448467,0.7045075183676605,0.7203618815731435,0.015854363205483057,0.0428022080580247,0.0599677193733183
5,F,gb,0.25,,0.5123380754352856,,,0.5789076156195517,,,0.0283512965212079
5,F,lr,0.25,,0.5205843623068362,,,0.531470574054979,,,0.0447718256443783
5,B,gb,0.375,,0.5072256598428977,,,0.5192811760017582,,,0.0199438503561373
5,B,lr,0.375,,0.5094872578544029,,,0.4897821187886341,,,0.0168770869473985
5,L2,gb,0.2241379310344827,0.529316203552161,0.5081025733351171,-0.02121363021704392,0.598151552435765,0.5720597742790801,-0.026091778156684953,0.0467989416700316,0.0219188718749924
5,L2,lr,0.2241379310344827,0.5284186660245488,0.5097324633312555,-0.01868620269329324,0.5834437013451774,0.5403804513820223,-0.04306324996315514,0.0460907537000267,0.0227888389529974
5,PL2,gb,0.1688311688311688,0.5395002769851867,0.5333028472062111,-0.006197429778975527,0.7087177322439512,0.7210816082205799,0.012363875976628691,0.0635770042865862,0.0601618073901252
5,PL2,lr,0.1688311688311688,0.536296894955897,0.5184405489092121,-0.017856346046684957,0.7053371574598338,0.6983619160281425,-0.00697524143169137,0.0576013243492617,0.0399968662213576
5,ALL,gb,0.2110091743119266,0.5406561893193221,0.5384546824698779,-0.0022015068494442014,0.7086423620236257,0.7219480976114909,0.013305735587865186,0.0660139561909504,0.0751445119178288
5,ALL,lr,0.2110091743119266,0.5352517175754974,0.5148937865940265,-0.020357930981470873,0.7064028255620403,0.6625286870767075,-0.043874138485332725,0.0574912949906791,0.0326195656566723
15,P,gb,0.0,0.5297892332510066,0.561981914327063,0.03219268107605644,0.6935254403058183,0.7212853807872601,0.027759940481441814,0.0530433263764219,0.1001989800071156
15,P,lr,0.0,0.5298374812518449,0.544435369336965,0.014597888085120081,0.6911827940807531,0.705926199956575,0.014743405875821902,0.0484947661974308,0.0753851014134239
15,F,gb,0.25,0.5188783984896854,0.5118279197969696,-0.0070504786927158,0.6011707100664014,0.5596518887613284,-0.041518821305073006,0.0308469524107156,0.0220779586522611
15,F,lr,0.25,0.5277062150253344,0.5293785358077769,0.0016723207824425046,0.602569480369928,0.5152141667370707,-0.08735531363285731,0.0484879117211277,0.0565758698919475
15,B,gb,0.375,0.5034514981327088,0.5121125198031385,0.008661021670429703,0.5206099294791735,0.5194479047078804,-0.0011620247712931242,0.0029684180840732,0.0180582205231416
15,B,lr,0.375,0.5068320801111392,0.5040151258923038,-0.0028169542188354324,0.5150474425526949,0.4917742142144046,-0.023273228338290264,0.0146859991675249,0.0005118622591507
15,L2,gb,0.2241379310344827,0.5204144500233358,0.5062470704251518,-0.014167379598183927,0.5721941779629282,0.5566746957782307,-0.015519482184697453,0.0382601927713553,0.0116711988727803
15,L2,lr,0.2241379310344827,0.520473199767701,0.4981516080204932,-0.022321591747207825,0.5615251847087472,0.532032509977567,-0.029492674731180224,0.0357741794319727,-0.0093798141530749
15,PL2,gb,0.1688311688311688,0.533220467303452,0.5573738160387162,0.024153348735264202,0.6932717040738814,0.7205488963263219,0.02727719225244052,0.0587854916272561,0.0922624911137479
15,PL2,lr,0.1688311688311688,0.5323850304390667,0.5105767198116133,-0.021808310627453364,0.691855277145442,0.68125658399949,-0.010598693145952076,0.053942835756581,0.0104676626202532
15,ALL,gb,0.2110091743119266,0.5334642560115211,0.5421203254653281,0.008656069453806925,0.6910995832701574,0.718691524240151,0.027591940969993622,0.0577016511458823,0.0731740618782784
15,ALL,lr,0.2110091743119266,0.5306040673072009,0.5170045643571023,-0.013599502950098596,0.6878731851688031,0.6563674658351306,-0.03150571933367252,0.050334335628811,0.0249049889075608
30,P,gb,0.0,0.5268853315707104,0.5878209882289855,0.06093565665827516,0.6860867619721647,0.7239392981280416,0.037852536155876915,0.0443510148867356,0.1239213777570102
30,P,lr,0.0,0.5295118114403928,0.5580903027843048,0.028578491343911994,0.6824610716481405,0.7056461028996401,0.02318503125149962,0.0461094349542874,0.0832844607838196
30,F,gb,0.25,,0.5250776008132836,,,0.5505111875422868,,,0.0358542652388629
30,F,lr,0.25,,0.5521883362317113,,,0.5200514767550877,,,0.0981688674268558
30,B,gb,0.375,,0.5123301693223754,,,0.5115059437409217,,,0.0340676715840565
30,B,lr,0.375,,0.493005269214012,,,0.4969400038746875,,,-0.0148328574447701
30,L2,gb,0.2241379310344827,0.514546494823479,0.4943334239464365,-0.02021307087704255,0.552272705629322,0.5328934834082819,-0.01937922222104005,0.0278932927724808,-0.0036748716534199
30,L2,lr,0.2241379310344827,0.5135606753988289,0.4881335810919003,-0.025427094306928577,0.5427349377583339,0.5253807164613429,-0.017354221296991046,0.0256077455286607,-0.0327795760556774
30,PL2,gb,0.1688311688311688,0.5273567111815133,0.5885676749546624,0.06121096377314916,0.6860315564382735,0.7242310271282487,0.0381994706899752,0.0459848312469384,0.128976270865309
30,PL2,lr,0.1688311688311688,0.531455010700849,0.507084609054111,-0.024370401646737982,0.6837433986864974,0.668413982679554,-0.015329416006943375,0.0512781139590458,-0.0039154707448305
30,ALL,gb,0.2110091743119266,0.5218700711553036,0.5865405729478925,0.06467050179258893,0.6828468288122116,0.7208192078982341,0.03797237908602247,0.0375444084453932,0.1236548993682134
30,ALL,lr,0.2110091743119266,0.5290363166522826,0.5241874871993476,-0.004848829452934966,0.6754136088909342,0.6468286622097876,-0.028584946681146528,0.0469215923790554,0.0327639539570783
60,P,gb,0.0,0.5221201190514813,0.5685424628172222,0.04642234376574095,0.7048298811790423,0.743659724196325,0.03882984301728265,0.0242793618822315,0.0902408442390007
60,P,lr,0.0,0.5309597271264546,0.56474203440153,0.033782307275075474,0.6884057891744013,0.7118043456110976,0.023398556436696305,0.0459509549631401,0.1010227328110235
60,F,gb,0.25,0.5100307322714193,0.5270159035060504,0.01698517123463117,0.5652313923489679,0.5309862363444359,-0.03424515600453204,0.0178719467143644,0.0253062993027284
60,F,lr,0.25,0.510248063268562,0.5549398792857124,0.04469181601715044,0.5567734671283289,0.5206630019603016,-0.036110465168027295,0.0240157553347255,0.0888034637283214
60,B,gb,0.375,0.509005897696577,0.4951611707222351,-0.013844726974341914,0.5248273494206972,0.5142412098555094,-0.010586139565187835,0.0178062151623214,-0.0013095692228367
60,B,lr,0.375,0.5061121119952608,0.5025851177015728,-0.0035269942936880794,0.5372086712888647,0.5091116345214175,-0.028097036767447237,0.0100957448097279,-0.0036915164656553
60,L2,gb,0.2241379310344827,0.5050282841660773,0.4833435626207953,-0.02168472154528195,0.529336354964479,0.5206553375666438,-0.008681017397835111,0.0165207153290613,-0.0314389067922889
60,L2,lr,0.2241379310344827,0.5018231853806443,0.4830988273305572,-0.018724358050087098,0.5211144271202388,0.501821169424425,-0.019293257695813804,0.0073021438383656,-0.0352020223409605
60,PL2,gb,0.1688311688311688,0.5255031153057946,0.5663599049832178,0.04085678967742312,0.7050614880550536,0.7438785973809234,0.03881710932586979,0.0301059624050679,0.0878396567471692
60,PL2,lr,0.1688311688311688,0.5300282264439822,0.4973753024671218,-0.03265292397686037,0.6870746809355474,0.652674549605035,-0.03440013133051234,0.0458888047996969,-0.0139856624544032
60,ALL,gb,0.2110091743119266,0.5190452184875517,0.5864854845916166,0.06744026610406495,0.70007379814147,0.7298441540963573,0.029770355954887306,0.023437900618513,0.1134892216533414
60,ALL,lr,0.2110091743119266,0.5237559205444346,0.5104340681119123,-0.013321852432522374,0.6703334127984522,0.6208030288682672,-0.04953038393018494,0.0323099873851642,0.0096819825320137
120,P,gb,0.0,0.5240829685037472,0.6085195526370948,0.08443658413334754,0.725671225141471,0.778497089461101,0.05282586431962999,0.0287183347194943,0.1250532321410259
120,P,lr,0.0,0.5227332214712289,0.5683066099916805,0.04557338852045156,0.7005020099974381,0.699881091002643,-0.0006209189947951055,0.030691842563482,0.0804199839825145
120,F,gb,0.25,,0.500404499109121,,,0.5465972776852486,,,-0.0177810629237918
120,F,lr,0.25,,0.555806238735341,,,0.5282771136277692,,,0.0955098601873435
120,B,gb,0.375,,0.5072812564458956,,,0.5434537025939649,,,0.0017113505571049
120,B,lr,0.375,,0.508984615349216,,,0.5124736920139441,,,-0.0061529288246437
120,L2,gb,0.2241379310344827,0.4966401420182674,0.4916081534885879,-0.00503198852967951,0.5279862849162484,0.4723488311091871,-0.055637453807061366,0.0003038779830873,-0.0317923003594306
120,L2,lr,0.2241379310344827,0.4931508802840263,0.4796106018276438,-0.013540278456382504,0.5185497931071893,0.5015271740702703,-0.01702261903691904,-0.0055929383347538,-0.0558126361395499
120,PL2,gb,0.1688311688311688,0.5261909429713955,0.60729694231008,0.08110599933868456,0.7257124450950324,0.778497089461101,0.052784644366068556,0.0333897969349877,0.1206803962576092
120,PL2,lr,0.1688311688311688,0.5198338374828924,0.5009579700281616,-0.0188758674547308,0.6985552382173179,0.6008965185635968,-0.09765871965372108,0.0279180424541738,-0.0328879371978685
120,ALL,gb,0.2110091743119266,0.524221334491772,0.5698689141927522,0.04564757970098021,0.7211305333228967,0.7609728969625835,0.03984236363968685,0.0268080775001672,0.0954885858800719
120,ALL,lr,0.2110091743119266,0.5087954844282709,0.5194677439019425,0.010672259473671564,0.6733879108251775,0.6141002345892286,-0.05928767623594888,0.0010086549792251,0.0042695023247048
240,P,gb,0.0,0.5244982897469843,0.6074149060729858,0.08291661632600145,0.7449804560683488,0.8422558399513403,0.0972753838829915,0.041131209319315,0.1169792681894319
240,P,lr,0.0,0.5282760485514357,0.5440036550128555,0.015727606461419796,0.7140797508140813,0.7739468010117011,0.05986705019761984,0.0362790734841595,0.0598264817903654
240,F,gb,0.25,0.5066885752780907,0.5021719237246474,-0.004516651553443385,0.5657642998682191,0.5470207405934492,-0.018743559274769894,0.0066244364834132,0.0419359296674162
240,F,lr,0.25,0.4800567575537674,0.5257296450897053,0.0456728875359379,0.542737169628295,0.5398558548340309,-0.0028813147942641226,-0.0321310435607159,0.0391549895479351
240,B,gb,0.375,0.5196077750411308,0.4974757358146139,-0.022132039226516853,0.5371717564039107,0.5090137961317943,-0.028157960272116367,0.0358690785518641,-0.005392450353892
240,B,lr,0.375,0.4992956889955052,0.5173052907291014,0.01800960173359617,0.5703949213834804,0.4823128525003387,-0.08808206888314168,-0.0245819142805519,0.0116369692224276
240,L2,gb,0.2241379310344827,0.4894507705289817,0.475377783740049,-0.014072986788932706,0.5443037709272753,0.4633839466043568,-0.08091982432291855,-0.0180613714575552,-0.0517310603958797
240,L2,lr,0.2241379310344827,0.4867669880698265,0.4898924462292392,0.0031254581594127306,0.539383255904013,0.4913725616036047,-0.04801069430040833,-0.0204256382521407,-0.0286952278417318
240,PL2,gb,0.1688311688311688,0.5270925589499644,0.6127833690092779,0.08569081005931345,0.7444713702614323,0.8420889568408735,0.0976175865794412,0.0461526685682828,0.1269234907207267
240,PL2,lr,0.1688311688311688,0.5240243612284804,0.496246110401024,-0.027778250827456386,0.7122609536582832,0.6203815742893282,-0.09187937936895507,0.0276632081095058,-0.0147359173791068
240,ALL,gb,0.2110091743119266,0.5279260355627811,0.5716850808127052,0.04375904524992413,0.7343901593113067,0.8212863575455033,0.08689619823419659,0.0445248420381598,0.0613068208828823
240,ALL,lr,0.2110091743119266,0.5147739523491441,0.499506298512129,-0.015267653837015116,0.6934475529470722,0.6220477661625488,-0.07139978678452341,-0.0039388807695973,-0.0107776495270542
