H_min,group,model,top_frac,bybit_n,bitfinex_n,bybit_gross_bps,bitfinex_gross_bps,spread_rt_bps,bitfinex_net_bps,win_rate,bybit_t_gross,bitfinex_t_net,bybit_folds_pos,bitfinex_days_pos
5,P,gb,0.05,4608.0,581,0.8728800428931175,0.5517478099006642,2.20690115562247,-2.6551533457218057,0.5542168674698795,2.3256472083389585,-1.6696248808109289,8/9,3/9
5,P,gb,0.1,9216.0,1162,0.5958262360864539,0.2227340870276228,2.1594453349799902,-2.936711247952368,0.5481927710843374,2.242884080272584,-2.0165299305883595,9/9,1/9
5,P,gb,0.2,18431.0,2323,0.3994033990908036,0.1054380668352413,1.972057985234608,-2.8666199183993677,0.5234610417563496,2.221930046695563,-2.3986760604684467,8/9,0/9
5,P,gb,1.0,,11615,,0.1516458252865727,1.62902797387988,-2.4773821485933074,0.5168316831683168,,-6.567861688496918,,0/9
5,P,lr,0.05,4608.0,581,0.934291210159413,0.9671045726519786,2.2748252208679096,-2.307720648215931,0.5490533562822719,2.48305797253506,-1.3078495469153,9/9,3/9
5,P,lr,0.1,9216.0,1162,0.5056158739519296,0.6602863007904686,2.121307657753556,-2.461021356963088,0.5421686746987951,1.8682372496271924,-1.5423662784792498,7/9,3/9
5,P,lr,0.2,18431.0,2323,0.3381507543865342,0.6564618041799913,1.995417466618195,-2.338955662438204,0.530779164873009,1.8693065821820265,-2.0498874742270057,7/9,2/9
5,P,lr,1.0,,11615,,0.3450187960955745,1.62902797387988,-2.284009177784305,0.5214808437365476,,-7.282015870861635,,0/9
5,F,gb,0.05,,581,,0.4247393104137999,2.12536809980639,-2.700628789392589,0.5060240963855421,,-2.153977648886663,,1/9
5,F,gb,0.1,,1162,,0.7238044564382117,2.003552753931276,-2.279748297493065,0.5240963855421686,,-2.723438896189651,,0/9
5,F,gb,0.2,,2323,,0.3557696428205049,1.8893419549005008,-2.533572312079996,0.5101162290142057,,-3.361670355386038,,0/9
5,F,gb,1.0,,11615,,0.2029337725721499,1.62902797387988,-2.4260942013077305,0.5083082221265605,,-8.050866353130639,,0/9
5,F,lr,0.05,,581,,0.4679497909867759,2.3156573100752325,-2.8477075190884564,0.5352839931153184,,-1.8785986440367768,,1/9
5,F,lr,0.1,,1162,,0.9663705492055394,2.0983865057599718,-2.132015956554432,0.5395869191049913,,-2.0930924099168577,,1/9
5,F,lr,0.2,,2323,,0.8366782585264607,1.9324935362991909,-2.0958152777727297,0.5436934997847611,,-2.8487002898414504,,0/9
5,F,lr,1.0,,11615,,0.4125271030135093,1.62902797387988,-2.216500870866371,0.5165733964700818,,-7.599970639109253,,0/9
5,B,gb,0.05,,581,,0.3099303914590069,1.772203386010442,-2.462272994551435,0.487091222030981,,-1.999427255972349,,0/9
5,B,gb,0.1,,1162,,-0.1448975219527213,1.8178107927935256,-2.9627083147462465,0.4896729776247848,,-2.3931614429949706,,0/9
5,B,gb,0.2,,2323,,-0.497534763324139,1.8279823792752352,-3.3255171425993746,0.4847180370210934,,-2.941488859747889,,0/9
5,B,gb,1.0,,11615,,0.0037453139692265,1.62902797387988,-2.6252826599106536,0.5013344812742144,,-9.443878590373547,,0/9
5,B,lr,0.05,,581,,-1.0263163071801509,1.8785676365353208,-3.9048839437154728,0.459552495697074,,-2.412319931559513,,1/9
5,B,lr,0.1,,1162,,-0.4974282178417472,1.837073511964768,-3.334501729806515,0.4836488812392427,,-2.6680025184293603,,0/9
5,B,lr,0.2,,2323,,-0.3606786170441027,1.779550071285696,-3.1402286883297985,0.4855789926818769,,-3.155910446033982,,0/9
5,B,lr,1.0,,11615,,0.1280020253939683,1.62902797387988,-2.501025948485912,0.5021954369349978,,-8.514202599931192,,0/9
5,L2,gb,0.05,4608.0,581,0.5410936411142591,-0.5922040974338868,2.102016542269859,-3.6942206397037456,0.4664371772805508,2.546652334450552,-2.2618100212819683,9/9,2/9
5,L2,gb,0.1,9216.0,1162,0.6165917611974531,-0.3335867644741278,2.034290621977752,-3.3678773864518794,0.4888123924268502,4.536957968479549,-2.423864156929544,9/9,0/9
5,L2,gb,0.2,18431.0,2323,0.4779384959684658,0.1045620189770105,1.9235424628151767,-2.818980443838166,0.496771416272062,4.37006603923574,-3.637155976186144,8/9,0/9
5,L2,gb,1.0,,11615,,0.1572118789007523,1.62902797387988,-2.471816094979128,0.5038312526904865,,-8.765488681098017,,0/9
5,L2,lr,0.05,4608.0,581,0.8787048811227621,-0.6641079315350045,2.1305927741329085,-3.7947007056679127,0.4750430292598967,2.8413518990202857,-2.898566792428568,9/9,0/9
5,L2,lr,0.1,9216.0,1162,0.7587222619092303,0.1195185391874428,1.996864413568526,-2.877345874381083,0.4965576592082616,3.3926133243571868,-3.250025770583836,9/9,0/9
5,L2,lr,0.2,18431.0,2323,0.6046186055211745,-0.0453450907892103,1.8746098232461,-2.9199549140353107,0.4898837709857942,3.888186465755896,-3.964789325194276,9/9,1/9
5,L2,lr,1.0,,11615,,0.1839496361664496,1.62902797387988,-2.44507833771343,0.5055531640120534,,-8.74080493172868,,0/9
5,PL2,gb,0.05,4608.0,581,0.9033062388161068,-0.7183233872605993,2.167555513189672,-3.885878900450271,0.504302925989673,2.599319201769692,-2.403437126955264,7/9,2/9
5,PL2,gb,0.1,9216.0,1162,0.5912046723632322,-0.329177912174997,2.133516139292543,-3.46269405146754,0.5077452667814114,2.419425368311558,-2.370085461589501,8/9,2/9
5,PL2,gb,0.2,18431.0,2323,0.5467051439509436,-0.1994155304915124,2.0003314369309617,-3.1997469674224743,0.5234610417563496,3.6679448027576416,-2.673569648957169,8/9,1/9
5,PL2,gb,1.0,,11615,,0.2747268756857057,1.62902797387988,-2.3543010981941745,0.5235471373224279,,-7.34605880399209,,0/9
5,PL2,lr,0.05,4608.0,581,1.1436168648390517,1.4504446674399456,2.1361406647517995,-1.685695997311854,0.5387263339070568,3.646216995483035,-1.6416352479991272,9/9,2/9
5,PL2,lr,0.1,9216.0,1162,0.8461509275926754,0.4922220659899566,2.023220985478811,-2.5309989194888542,0.5163511187607573,3.446162595634797,-2.6373566921478564,9/9,1/9
5,PL2,lr,0.2,18431.0,2323,0.5854915954537782,0.5104778180614182,1.9022417646540488,-2.3917639465926297,0.5157124408092983,3.551504227254916,-3.3684029276671947,9/9,0/9
5,PL2,lr,1.0,,11615,,0.193135260855732,1.62902797387988,-2.435892713024148,0.5106328024106759,,-8.610923344707011,,0/9
5,ALL,gb,0.05,4608.0,581,1.03174071048986,-0.7005276894391709,2.0929033946257505,-3.793431084064921,0.4802065404475043,3.22606044410254,-1.862075108741247,8/9,2/9
5,ALL,gb,0.1,9216.0,1162,0.719800322667468,-0.289492306761663,2.0624540260260398,-3.3519463327877026,0.5103270223752151,3.4550918204005967,-2.1757795745572697,8/9,2/9
5,ALL,gb,0.2,18431.0,2323,0.5843699591821468,0.2867511494300016,1.9469092743338985,-2.6601581249038966,0.5213086526043909,3.684893168103766,-2.8088669425814907,9/9,1/9
5,ALL,gb,1.0,,11615,,0.0977039119941486,1.62902797387988,-2.531324061885732,0.5138183383555747,,-8.453301181699134,,0/9
5,ALL,lr,0.05,,581,,-0.2672968488437416,1.9460284749535508,-3.2133253237972923,0.5008605851979346,,-2.6079048023832776,,0/9
5,ALL,lr,0.1,,1162,,-0.0584770168213419,1.884892048158723,-2.943369064980065,0.4982788296041308,,-3.707707891850113,,0/9
5,ALL,lr,0.2,,2323,,-0.0374534952671136,1.80300889063866,-2.840462385905774,0.5105467068445975,,-4.19229672357654,,0/9
5,ALL,lr,1.0,,11615,,0.1994671278734784,1.62902797387988,-2.4295608460064018,0.5052948773138184,,-8.091494076206503,,0/9
15,P,gb,0.05,4608.0,581,0.2393166116327092,-3.5677216019525506,2.217266187949136,-6.784987789901688,0.4509466437177281,0.3714014264600526,-1.2624451725944477,6/9,2/9
15,P,gb,0.1,9215.0,1161,1.0253176248032148,-0.8204993236441337,2.1008918865452264,-3.92139121018936,0.5211024978466839,2.396572423120189,-0.9503631356947428,9/9,4/9
15,P,gb,0.2,18429.0,2321,1.0469087210302856,-0.5510613785320971,1.9264912507765453,-3.477552629308642,0.5398535114174925,2.8450602510639493,-1.2292957116162384,9/9,4/9
15,P,gb,1.0,,11605,,0.4879863573428158,1.6295050793385362,-2.14151872199572,0.541835415769065,,-2.957548794592631,,0/9
15,P,lr,0.05,4608.0,581,1.3710726616392437,0.6957959597754021,2.277523447237564,-2.581727487462161,0.5180722891566265,2.011973183189875,-0.5661623676870438,7/9,3/9
15,P,lr,0.1,9215.0,1161,1.0268034944759334,-0.1423688506625836,2.1090652530867144,-3.2514341037492978,0.5271317829457365,1.807716485642361,-0.7240715842986657,7/9,3/9
15,P,lr,0.2,18429.0,2321,0.2743728457636568,0.2678237508386159,1.9458761203025183,-2.6780523694639022,0.5273588970271434,0.5310416514912315,-0.9518262011718184,7/9,3/9
15,P,lr,1.0,,11605,,0.7285113761226868,1.6295050793385362,-1.9009937032158493,0.53968117190866,,-3.474255306217816,,0/9
15,F,gb,0.05,,581,,-0.5043511789166074,1.996447171982416,-3.500798350899023,0.504302925989673,,-1.2899831069083896,,2/9
15,F,gb,0.1,,1161,,-0.0119023137678146,1.978833124937528,-2.990735438705343,0.5202411714039621,,-1.858186209394605,,1/9
15,F,gb,0.2,,2321,,0.8096649777962762,1.898907161043636,-2.08924218324736,0.5200344679017664,,-1.6242597903052214,,1/9
15,F,gb,1.0,,11605,,0.2985311452922242,1.6295050793385362,-2.330973934046312,0.5079707022834985,,-5.600739159811207,,0/9
15,F,lr,0.05,,581,,5.215222859243319,2.2940631519313417,1.9211597073119775,0.5697074010327022,,0.5125475059839542,,6/9
15,F,lr,0.1,,1161,,4.544014414665516,2.086119300405304,1.4578951142602117,0.5607235142118863,,0.6893741131380862,,5/9
15,F,lr,0.2,,2321,,3.6010904342640004,1.927924511843103,0.6731659224208978,0.5553640672124085,,0.4398356100775086,,4/9
15,F,lr,1.0,,11605,,0.7807789536572091,1.6295050793385362,-1.848726125681327,0.524170616113744,,-3.562619782003794,,1/9
15,B,gb,0.05,,581,,0.2604863252288897,1.7087563358813171,-2.4482700106524264,0.4664371772805508,,-0.8094851361129558,,2/9
15,B,gb,0.1,,1161,,-1.710242626595297,1.824625044879576,-4.534867671474874,0.4418604651162791,,-1.341964200984899,,1/9
15,B,gb,0.2,,2321,,-2.3402118008837727,1.8495893009641224,-5.189801101847896,0.4467901766479965,,-1.8755536468620453,,2/9
15,B,gb,1.0,,11605,,-0.00488078250768,1.6295050793385362,-2.634385861846216,0.5110728134424817,,-7.263727511506135,,0/9
15,B,lr,0.05,,581,,-0.5523706751810884,1.7918522869211726,-3.3442229621022608,0.4836488812392427,,-1.0184785438031303,,3/9
15,B,lr,0.1,,1161,,-1.6572468992092768,1.8196653434873016,-4.476912242696578,0.4659776055124892,,-1.830004645020352,,1/9
15,B,lr,0.2,,2321,,-1.369002296320905,1.7332959108977937,-4.102298207218698,0.4575613959500215,,-2.7373623063459283,,0/9
15,B,lr,1.0,,11605,,-0.0066145331986787,1.6295050793385362,-2.6361196125372146,0.5110728134424817,,-7.320262517452533,,0/9
15,L2,gb,0.05,4608.0,581,1.2414514053330057,-1.2938989919540098,2.2212913270277714,-4.515190318981781,0.4716006884681583,1.8397177512586576,-1.244829673670136,7/9,2/9
15,L2,gb,0.1,9215.0,1161,1.0513053425041654,-1.2210454419606214,2.0692262988484,-4.29027174080902,0.4745908699397071,2.299905843455521,-1.7486952151638624,8/9,1/9
15,L2,gb,0.2,18429.0,2321,0.9240522870071584,-0.8194760956886016,1.948501753500718,-3.767977849189319,0.4868591124515295,3.3749618012517777,-2.4072317032831143,8/9,1/9
15,L2,gb,1.0,,11605,,0.3910326021015579,1.6295050793385362,-2.238472477236978,0.5133993968117191,,-6.500502506612693,,0/9
15,L2,lr,0.05,4608.0,581,1.4600672076698065,-1.9248836761853123,1.9514525311009003,-4.876336207286213,0.4612736660929432,2.442475841866396,-2.245821126660947,8/9,1/9
15,L2,lr,0.1,9215.0,1161,1.0123353863430378,-0.7325451377501901,1.8376591459031293,-3.5702042836533194,0.4771748492678725,2.54189641837086,-2.090990345767028,8/9,1/9
15,L2,lr,0.2,18429.0,2321,0.8757198124553851,-0.3495164573830651,1.812311721387996,-3.1618281787710614,0.4838431710469625,3.2038313671925787,-2.6899005679319004,9/9,2/9
15,L2,lr,1.0,,11605,,-0.2476943002421749,1.6295050793385362,-2.877199379580711,0.4918569582076691,,-7.3582622552859265,,0/9
15,PL2,gb,0.05,4608.0,581,0.5847116155368492,-2.7723539790807155,2.146837579734996,-5.919191558815712,0.4647160068846815,0.8461513095600521,-1.1410101324094033,6/9,4/9
15,PL2,gb,0.1,9215.0,1161,0.8998730536452859,-1.1329742957087243,2.100462501433761,-4.233436797142485,0.5176571920757967,1.989649677978476,-1.0017383368399682,8/9,5/9
15,PL2,gb,0.2,18429.0,2321,0.9985525902302153,-0.8852581307643063,1.9145717226155985,-3.799829853379904,0.5303748384317105,2.83148645021412,-1.3183361395687994,9/9,4/9
15,PL2,gb,1.0,,11605,,0.6392724613574365,1.6295050793385362,-1.9902326179811,0.5439896596294701,,-2.846300721340543,,0/9
15,PL2,lr,0.05,4608.0,581,1.9922801722347496,-0.3281780707727302,1.934165810223008,-3.262343880995738,0.4939759036144578,3.4727450690330945,-1.4472372573142367,9/9,2/9
15,PL2,lr,0.1,9215.0,1161,1.043597625035855,-0.4601300082870094,1.8960445678615017,-3.3561745761485104,0.4935400516795866,2.3699279110002336,-2.1940156680970646,9/9,3/9
15,PL2,lr,0.2,18429.0,2321,0.6473353630884323,0.154295369237106,1.8322206374491905,-2.677925268212084,0.5058164584230935,1.831778856422076,-2.2624051084063943,7/9,1/9
15,PL2,lr,1.0,,11605,,-0.0388630753450052,1.6295050793385362,-2.668368154683541,0.5016803102111159,,-5.597803905509644,,0/9
15,ALL,gb,0.05,4608.0,581,-0.4161351741846315,-5.179664065940858,2.0615002106508022,-8.24116427659166,0.4182444061962134,-0.2689876601874551,-1.679877693865052,8/9,1/9
15,ALL,gb,0.1,9215.0,1161,0.3797447549644027,-2.5739739034467544,2.0552148123626552,-5.62918871580941,0.4677002583979328,0.3593256580886956,-1.9833711993163516,8/9,2/9
15,ALL,gb,0.2,18429.0,2321,0.6638096299622951,-0.8946849355786868,1.9469207492007952,-3.841605684779482,0.5071090047393365,0.9733660825743378,-2.263574359958577,8/9,2/9
15,ALL,gb,1.0,,11605,,0.1612071168273932,1.6295050793385362,-2.468297962511143,0.5146057733735458,,-6.43576842937712,,0/9
15,ALL,lr,0.05,,581,,-0.8351983400182411,1.77254265874724,-3.6077409987654816,0.4733218588640275,,-1.3150207476142364,,1/9
15,ALL,lr,0.1,,1161,,0.1074510561522916,1.7812121341429914,-2.673761077990699,0.4987080103359173,,-1.5680362443488725,,2/9
15,ALL,lr,0.2,,2321,,0.0489138817944123,1.7404809278366504,-2.691567046042238,0.5045239121068505,,-2.2050854343960418,,2/9
15,ALL,lr,1.0,,11605,,0.2184062903256615,1.6295050793385362,-2.411098789012874,0.5151227919000431,,-5.449373755769622,,0/9
30,P,gb,0.05,,580,,-2.6055716335309147,1.955542348546212,-5.561113982077128,0.5413793103448276,,-0.4873714099885575,,4/9
30,P,gb,0.1,,1159,,-1.3773281166557116,1.889589739848308,-4.266917856504017,0.5565142364106989,,-0.658094569643212,,4/9
30,P,gb,0.2,,2318,,-0.2873375668762235,1.8225098136454512,-3.1098473805216744,0.5776531492666092,,-0.8522992023335766,,4/9
30,P,gb,1.0,,11590,,1.085375246222221,1.630390209587965,-1.5450149633657435,0.5576358930112165,,-1.3214232137030204,,4/9
30,P,lr,0.05,,580,,-3.7770814169231,2.135932813198569,-6.913014230121668,0.4672413793103448,,-0.7195218891492785,,4/9
30,P,lr,0.1,,1159,,-3.871684721765826,2.064718804271274,-6.936403526037101,0.4771354616048318,,-0.9053132745334328,,3/9
30,P,lr,0.2,,2318,,-1.910028603665609,1.9572414399559497,-4.867270043621559,0.5094909404659189,,-0.9706455280155194,,3/9
30,P,lr,1.0,,11590,,0.6944389377262606,1.630390209587965,-1.935951271861704,0.5463330457290768,,-1.8849039641320384,,2/9
30,F,gb,0.05,,580,,6.040707924388075,1.76323293525554,3.277474989132536,0.6172413793103448,,1.6981121742799006,,5/9
30,F,gb,0.1,,1159,,1.7199131358609303,1.799214407245,-1.0793012713840695,0.5539257981018119,,-1.5841754861362307,,2/9
30,F,gb,0.2,,2318,,-0.0506221027048272,1.7842144725751612,-2.834836575279988,0.5306298533218292,,-2.3306075758986315,,1/9
30,F,gb,1.0,,11590,,0.0418807558645923,1.630390209587965,-2.588509453723372,0.5177739430543572,,-2.9674056571189285,,1/9
30,F,lr,0.05,,580,,12.32397253659406,2.3032224335966887,9.020750102997372,0.6344827586206897,,1.0251903030080276,,5/9
30,F,lr,0.1,,1159,,8.678775679522516,2.083496128414726,5.595279551107791,0.6177739430543572,,1.0993889547893316,,5/9
30,F,lr,0.2,,2318,,5.900320129249894,1.9014079444997405,2.9989121847501545,0.589732528041415,,0.928590087724875,,6/9
30,F,lr,1.0,,11590,,1.5989006900714784,1.630390209587965,-1.0314895195164868,0.5346850733390854,,-1.0087934201073878,,3/9
30,B,gb,0.05,,580,,0.8999380126923162,1.7216430563851133,-1.8217050436927984,0.4637931034482758,,-0.3419646665289681,,2/9
30,B,gb,0.1,,1159,,-0.5395096213662215,1.8199187038601616,-3.3594283252263835,0.4874892148403796,,-0.5780293936469191,,3/9
30,B,gb,0.2,,2318,,-4.598673357427534,1.8701659697656516,-7.468839327193184,0.4408973252804141,,-1.4555868563776586,,2/9
30,B,gb,1.0,,11590,,-0.0052021191712138,1.630390209587965,-2.6355923287591785,0.5103537532355479,,-4.138443088409662,,1/9
30,B,lr,0.05,,580,,-2.642523901031395,1.7331665746377571,-5.375690475669153,0.4775862068965517,,-1.1553829826139648,,3/9
30,B,lr,0.1,,1159,,-2.896630405132738,1.7019424242226862,-5.598572829355424,0.4736842105263157,,-1.6801989974968827,,2/9
30,B,lr,0.2,,2318,,-2.2342908365297625,1.7058365408572942,-4.940127377387058,0.4723899913718723,,-1.952669949672468,,4/9
30,B,lr,1.0,,11590,,-0.1420764380737605,1.630390209587965,-2.772466647661725,0.5062122519413287,,-4.84369874781331,,0/9
30,L2,gb,0.05,,580,,-0.4850433744985206,2.4050791517894385,-3.89012252628796,0.4758620689655172,,-0.504405517239289,,4/9
30,L2,gb,0.1,,1159,,-2.214935025178395,2.257978665084151,-5.472913690262545,0.4736842105263157,,-1.0236736674269868,,2/9
30,L2,gb,0.2,,2318,,-1.665531993912398,2.044919700554718,-4.710451694467117,0.4779982743744607,,-1.521986113017324,,1/9
30,L2,gb,1.0,,11590,,-0.0392103592530678,1.630390209587965,-2.6696005688410325,0.508541846419327,,-4.6885088137748365,,0/9
30,L2,lr,0.05,,580,,-0.7683649237222618,2.0482696343556284,-3.8166345580778898,0.4862068965517241,,-1.209394076009495,,2/9
30,L2,lr,0.1,,1159,,-1.0478053650518724,1.954548834529631,-4.002354199581503,0.4702329594477998,,-1.9862736891903183,,2/9
30,L2,lr,0.2,,2318,,-1.0989430327867158,1.8739765122922365,-3.972919545078952,0.4762726488352027,,-2.947401657947234,,0/9
30,L2,lr,1.0,,11590,,-0.5426248256891343,1.630390209587965,-3.1730150352770985,0.4878343399482312,,-6.623845728153299,,0/9
30,PL2,gb,0.05,,580,,-2.8426602124287768,1.9369295159446072,-5.779589728373384,0.5275862068965518,,-0.4718341055375501,,3/9
30,PL2,gb,0.1,,1159,,1.4604568027432243,1.881436266168698,-1.4209794634254738,0.5936151855047455,,-0.1968696169325608,,7/9
30,PL2,gb,0.2,,2318,,0.3167834249065639,1.8229304512658355,-2.506147026359271,0.589732528041415,,-0.6680360311748359,,5/9
30,PL2,gb,1.0,,11590,,1.3271673722767516,1.630390209587965,-1.3032228373112131,0.5610871440897325,,-1.083218684573025,,5/9
30,PL2,lr,0.05,,580,,-3.899859174702193,2.1528980702322253,-7.052757244934418,0.4706896551724138,,-2.049804049303501,,1/9
30,PL2,lr,0.1,,1159,,-3.4276276988167624,2.0639529133717724,-6.491580612188534,0.4736842105263157,,-2.368188783066508,,1/9
30,PL2,lr,0.2,,2318,,-2.0977274703454447,1.9515682501299405,-5.049295720475385,0.4767040552200172,,-2.866112307851276,,0/9
30,PL2,lr,1.0,,11590,,-0.5677741261244786,1.630390209587965,-3.1981643357124434,0.5043140638481449,,-4.377689107070866,,0/9
30,ALL,gb,0.05,,580,,-6.2033980900479415,1.991862861926497,-9.19526095197444,0.4379310344827586,,-1.8652089253695616,,1/9
30,ALL,gb,0.1,,1159,,-5.541428006998363,1.898355090279608,-8.43978309727797,0.4659188955996549,,-1.4165066883211512,,3/9
30,ALL,gb,0.2,,2318,,-2.5509238508155905,1.837183106208231,-5.388106957023823,0.5043140638481449,,-1.631995772467519,,3/9
30,ALL,gb,1.0,,11590,,0.2457795627461823,1.630390209587965,-2.3846106468417823,0.5194995685936152,,-4.342394831703652,,1/9
30,ALL,lr,0.05,,580,,0.9004544757998454,2.054805897616992,-2.154351421817147,0.4948275862068965,,-0.3981039819808827,,2/9
30,ALL,lr,0.1,,1159,,0.0687823452905656,1.9841637871935696,-2.915381441903004,0.5047454702329595,,-0.7021007169875737,,4/9
30,ALL,lr,0.2,,2318,,-0.1034559684999606,1.9095673185172608,-3.013023287017221,0.5012942191544435,,-1.034731386973568,,4/9
30,ALL,lr,1.0,,11590,,0.1935645440538616,1.630390209587965,-2.436825665534104,0.513632441760138,,-2.2993677186285923,,2/9
60,P,gb,0.05,4605.0,578,-1.0313460632794909,-4.104996647076732,2.030102858869143,-7.135099505945875,0.5034602076124568,-0.4849092971796278,-0.3381910210582248,5/9,5/9
60,P,gb,0.1,9210.0,1156,-0.4569012749750796,-4.620230420716141,1.8487380568991223,-7.468968477615263,0.5025951557093425,-0.3219126509531711,-0.5477656099687713,6/9,4/9
60,P,gb,0.2,18424.0,2312,-0.4246753216215826,-2.301764528353376,1.7782545970513803,-5.080019125404756,0.5294117647058824,-0.2964720908015084,-0.6582834000893436,6/9,4/9
60,P,gb,1.0,,11560,,0.1130107787942333,1.632340694904876,-2.5193299161106437,0.5354671280276817,,-1.0878865318320317,,3/9
60,P,lr,0.05,4605.0,578,3.780715699286164,-10.093290044617149,2.054414924054378,-13.147704968671531,0.416955017301038,1.9304275529441404,-0.6923993416518602,7/9,5/9
60,P,lr,0.1,9210.0,1156,2.933658378855545,-7.212162042160201,2.030264765468048,-10.242426807628243,0.4204152249134948,2.126780076680971,-0.7144796067971872,7/9,4/9
60,P,lr,0.2,18420.0,2312,1.7783530050662586,-3.3818024567960308,1.933709209800393,-6.315511666596423,0.4982698961937716,1.6133823302253776,-0.6635367651792594,7/9,4/9
60,P,lr,1.0,,11560,,1.881443396969487,1.632340694904876,-0.7508972979353885,0.5577854671280277,,-0.3300606522217384,,5/9
60,F,gb,0.05,,578,,2.1518432094257527,1.8827969542466048,-0.7309537448208521,0.5224913494809689,,-0.1857172101336255,,4/9
60,F,gb,0.1,,1156,,4.311229170052465,1.8441027119161508,1.467126458136314,0.5683391003460208,,0.6297234411292306,,4/9
60,F,gb,0.2,,2312,,1.2944877325459505,1.832945799936403,-1.5384580673904522,0.5480103806228374,,-0.6987508438942798,,3/9
60,F,gb,1.0,,11560,,-0.1923707009695793,1.632340694904876,-2.824711395874456,0.5166955017301038,,-2.5604561165589845,,1/9
60,F,lr,0.05,,578,,18.124710549735312,2.3750214544086203,14.749689095326683,0.5467128027681661,,0.873652803403195,,4/9
60,F,lr,0.1,,1156,,12.128265143138565,2.0616967665726347,9.066568376565929,0.5519031141868512,,1.0377477188932915,,5/9
60,F,lr,0.2,,2312,,6.235033176371871,1.8848780504855007,3.3501551258863698,0.5532006920415224,,0.6653649886690155,,5/9
60,F,lr,1.0,,11560,,2.133930956899745,1.632340694904876,-0.498409738005132,0.543166089965398,,-0.2115374204699767,,4/9
60,B,gb,0.05,,578,,-4.848751688532506,1.733556362692298,-7.582308051224803,0.3979238754325259,,-0.6196898400783487,,3/9
60,B,gb,0.1,,1156,,-6.2364871766899785,1.8352883330688488,-9.071775509758831,0.435121107266436,,-0.7003964561032338,,3/9
60,B,gb,0.2,,2312,,-7.936320752476159,1.8789914767769167,-10.815312229253074,0.4558823529411764,,-1.2321027432042142,,2/9
60,B,gb,1.0,,11560,,0.0307368026367337,1.632340694904876,-2.6016038922681424,0.5208477508650519,,-2.2538805893441576,,1/9
60,B,lr,0.05,,578,,-5.496274570987951,2.0013329566469658,-8.497607527634917,0.4671280276816609,,-1.437730557820075,,1/9
60,B,lr,0.1,,1156,,-3.0661542260014385,1.8589717401876704,-5.925125966189111,0.4766435986159169,,-1.31243056886912,,4/9
60,B,lr,0.2,,2312,,-1.874564271936621,1.7964689832884542,-4.671033255225075,0.5,,-1.5984407063928805,,3/9
60,B,lr,1.0,,11560,,0.0307368026367337,1.632340694904876,-2.6016038922681424,0.5208477508650519,,-2.2538805893441576,,1/9
60,L2,gb,0.05,4605.0,578,3.870608702695603,-11.073838758022296,2.4231984258845145,-14.497037183906812,0.430795847750865,1.9315906563824,-1.1636365925668857,7/9,2/9
60,L2,gb,0.1,9210.0,1156,2.5676293188939554,-9.016731330719503,2.293212394017761,-12.309943724737265,0.4489619377162629,1.82437960266743,-1.534461862032731,7/9,1/9
60,L2,gb,0.2,18420.0,2312,1.560354690293673,-4.149665840100023,2.0608121896112888,-7.210478029711311,0.4826989619377163,1.7778809317718725,-1.7792339321775588,6/9,2/9
60,L2,gb,1.0,,11560,,0.0758534015367938,1.632340694904876,-2.5564872933680824,0.5118512110726644,,-3.5031857133758524,,1/9
60,L2,lr,0.05,4605.0,578,1.4651760470250408,-0.0113375856804936,1.8072372646365875,-2.8185748503170807,0.444636678200692,1.230433983513158,-0.5262966160782875,6/9,2/9
60,L2,lr,0.1,9210.0,1156,0.7032712352611024,0.0814597339324796,1.789005375703625,-2.7075456417711465,0.4731833910034602,0.6176562070932248,-0.9178075536926285,5/9,1/9
60,L2,lr,0.2,18420.0,2312,0.7940482297268946,0.2041068199754754,1.7866496428514025,-2.582542822875926,0.4727508650519031,0.8977337169887264,-1.374489467805007,5/9,2/9
60,L2,lr,1.0,,11560,,-0.834458465046475,1.632340694904876,-3.466799159951352,0.4819204152249134,,-5.65848705999791,,0/9
60,PL2,gb,0.05,4605.0,578,-0.3293255387783065,-5.467897905582066,2.011666069304987,-8.47956397488705,0.4913494809688581,-0.1553209308091368,-0.3756916866040367,7/9,2/9
60,PL2,gb,0.1,9210.0,1156,0.7892085574185531,-0.0434084047645285,1.874352606882388,-2.9177610116469177,0.5311418685121108,0.5392253720672546,-0.2263719647815265,6/9,5/9
60,PL2,gb,0.2,18420.0,2312,0.0707550512512372,-1.9929895709002436,1.8011637517454702,-4.7941533226457125,0.5350346020761245,0.0481722305935574,-0.5635462870741851,5/9,5/9
60,PL2,gb,1.0,,11560,,-0.7602351871461814,1.632340694904876,-3.392575882051057,0.534083044982699,,-1.3462631712635216,,4/9
60,PL2,lr,0.05,4605.0,578,3.256088810619577,-3.094163720410541,1.8976186582452048,-5.991782378655745,0.4532871972318339,2.078585246115968,-1.6218140329693562,8/9,2/9
60,PL2,lr,0.1,9210.0,1156,2.1223774075393345,-3.13678933043865,1.891832134798104,-6.028621465236754,0.4645328719723183,1.657945217371194,-1.5536281872033215,7/9,2/9
60,PL2,lr,0.2,18420.0,2312,1.6500205872886449,-1.3929959167533934,1.8825626161210995,-4.275558532874492,0.4766435986159169,1.6113384686006538,-1.5574553298007208,7/9,1/9
60,PL2,lr,1.0,,11560,,-0.7742684740864066,1.632340694904876,-3.4066091689912827,0.4957612456747405,,-3.9100960046714337,,1/9
60,ALL,gb,0.05,4605.0,578,1.673207172535888,-9.368981205150682,1.9549056405929952,-12.323886845743676,0.4480968858131487,0.2524020399126769,-0.9188467337027296,7/9,2/9
60,ALL,gb,0.1,9210.0,1156,-0.8362842398289253,-6.902625755887546,1.9320309816070864,-9.834656737494637,0.4991349480968858,-0.161998297274356,-0.952141655424832,8/9,3/9
60,ALL,gb,0.2,18420.0,2312,-1.0754494627880558,-6.886993272022628,1.8444474004171971,-9.731440672439826,0.5155709342560554,-0.3375523898826845,-1.4325302839993916,7/9,2/9
60,ALL,gb,1.0,,11560,,-0.7066137273466802,1.632340694904876,-3.338954422251556,0.5165224913494809,,-2.790464440960586,,1/9
60,ALL,lr,0.05,,578,,-11.776287841442016,1.8569825453986837,-14.633270386840696,0.4290657439446367,,-1.3807418906228632,,2/9
60,ALL,lr,0.1,,1156,,-7.852151269555255,1.824828501667408,-10.676979771222664,0.4593425605536332,,-1.626463355777309,,2/9
60,ALL,lr,0.2,,2312,,-3.815481735745988,1.7789684426730463,-6.594450178419034,0.4878892733564013,,-1.9788818424460404,,1/9
60,ALL,lr,1.0,,11560,,0.1671845165074157,1.632340694904876,-2.4651561783974607,0.5211937716262975,,-2.931742021874366,,1/9
120,P,gb,0.05,,575,,9.855241468035835,1.940012355152144,6.915229112883694,0.591304347826087,,0.2377317451768692,,5/9
120,P,gb,0.1,,1150,,-5.102958401529251,1.9225790345613836,-8.025537436090632,0.488695652173913,,-0.3739998720009104,,4/9
120,P,gb,0.2,,2300,,-4.261050582581545,1.8236242167207908,-7.084674799302334,0.5256521739130435,,-0.4315365528173279,,4/9
120,P,gb,1.0,,11500,,0.6052434948227642,1.636591838871288,-2.0313483440485256,0.5886956521739131,,-0.3913229108143829,,5/9
120,P,lr,0.05,,575,,-25.836295781139995,2.098967150510485,-28.93526293165048,0.3930434782608695,,-0.774993090979113,,3/9
120,P,lr,0.1,,1150,,-17.13896703957647,2.0265910825480016,-20.165558122124462,0.4530434782608695,,-0.8413835080807636,,3/9
120,P,lr,0.2,,2300,,-8.251670151760855,1.9403951063101743,-11.19206525807103,0.5265217391304348,,-0.6141322646039389,,4/9
120,P,lr,1.0,,11500,,0.5180462755396328,1.636591838871288,-2.1185455633316552,0.5627826086956522,,-0.3803090108711144,,3/9
120,F,gb,0.05,,575,,-2.660041368499701,2.1297722705572286,-5.78981363905693,0.4904347826086956,,-0.4301936428025366,,4/9
120,F,gb,0.1,,1150,,-4.203643984682129,2.0839621648347326,-7.2876061495168605,0.4782608695652174,,-0.8731065950708032,,5/9
120,F,gb,0.2,,2300,,-2.269271845222784,1.9607949824885256,-5.230066827711309,0.51,,-1.353464959700345,,3/9
120,F,gb,1.0,,11500,,-0.3245604036554805,1.636591838871288,-2.9611522425267687,0.5256521739130435,,-1.9278817228847125,,2/9
120,F,lr,0.05,,575,,7.611411194343153,2.11970849808101,4.491702696262142,0.5930434782608696,,0.3750063489642356,,4/9
120,F,lr,0.1,,1150,,8.6076449345295,2.048033476652811,5.559611457876689,0.6095652173913043,,0.6362134223626048,,3/9
120,F,lr,0.2,,2300,,7.90680772985047,1.9268071066595227,4.980000623190946,0.6008695652173913,,0.6778769295317048,,4/9
120,F,lr,1.0,,11500,,3.640297379602483,1.636591838871288,1.003705540731195,0.5508695652173913,,0.2958554495932835,,5/9
120,B,gb,0.05,,575,,-5.990308591405679,1.8145357210121815,-8.804844312417863,0.4382608695652173,,-0.5550857670992501,,3/9
120,B,gb,0.1,,1150,,-7.067171046311562,1.8848464300342256,-9.952017476345787,0.4443478260869565,,-0.7681806393619397,,4/9
120,B,gb,0.2,,2300,,-11.026158504020817,1.8539587725954945,-13.880117276616312,0.4534782608695652,,-1.0062533683835388,,3/9
120,B,gb,1.0,,11500,,-0.0679018761470177,1.636591838871288,-2.7044937150183066,0.5157391304347826,,-1.202563310848629,,2/9
120,B,lr,0.05,,575,,-1.7041699284993244,2.044272161689546,-4.74844209018887,0.4904347826086956,,-0.938873964942426,,3/9
120,B,lr,0.1,,1150,,3.270375503837857,2.063668230897381,0.2067072729404759,0.5234782608695652,,0.0439182624508783,,3/9
120,B,lr,0.2,,2300,,0.8423752433230056,1.975731746732014,-2.13335650340901,0.4969565217391304,,-0.8436189937572145,,4/9
120,B,lr,1.0,,11500,,-0.0679018761470177,1.636591838871288,-2.7044937150183066,0.5157391304347826,,-1.202563310848629,,2/9
120,L2,gb,0.05,,575,,2.836840271276889,1.8552581777224249,-0.0184179064455379,0.5060869565217392,,-0.0027291754904987,,3/9
120,L2,gb,0.1,,1150,,-2.15516752066996,1.8626983995516115,-5.017865920221571,0.4834782608695652,,-1.0788874340156247,,2/9
120,L2,gb,0.2,,2300,,-2.353681331477839,1.8515853481237463,-5.2052666796015865,0.4847826086956521,,-1.2171641665753985,,2/9
120,L2,gb,1.0,,11500,,-1.1493567119289392,1.636591838871288,-3.785948550800228,0.4890434782608696,,-2.482477305598596,,2/9
120,L2,lr,0.05,,575,,-5.736522601091225,2.036653923803071,-8.773176524894296,0.448695652173913,,-1.1094818859168594,,1/9
120,L2,lr,0.1,,1150,,-4.720086288016265,1.9297649255560687,-7.649851213572335,0.4634782608695652,,-1.2682868664359033,,1/9
120,L2,lr,0.2,,2300,,-2.173717088184284,1.8677703493524915,-5.041487437536774,0.4839130434782608,,-1.00097517858408,,2/9
120,L2,lr,1.0,,11500,,-2.061966527670467,1.636591838871288,-4.698558366541755,0.4808695652173913,,-3.545532733903212,,1/9
120,PL2,gb,0.05,,575,,7.338477026770325,1.9887891344172588,4.349687892353063,0.5791304347826087,,0.1446424180689046,,4/9
120,PL2,gb,0.1,,1150,,-8.625834369711349,1.94394877933383,-11.56978314904518,0.4704347826086956,,-0.5164790549636517,,4/9
120,PL2,gb,0.2,,2300,,-5.970200430952218,1.841337861043531,-8.811538291995749,0.5182608695652174,,-0.5021657987489314,,4/9
120,PL2,gb,1.0,,11500,,0.2342408920280741,1.636591838871288,-2.402350946843214,0.5892173913043478,,-0.4515931246067315,,5/9
120,PL2,lr,0.05,,575,,-12.237527931884031,2.1531320206312863,-15.39065995251532,0.488695652173913,,-1.2483151396547087,,2/9
120,PL2,lr,0.1,,1150,,-11.409315080988051,2.0363152704806597,-14.445630351468711,0.4643478260869565,,-1.795572957569376,,3/9
120,PL2,lr,0.2,,2300,,-7.498272782402036,1.934209503527588,-10.432482285929623,0.4795652173913043,,-2.1200079067938487,,2/9
120,PL2,lr,1.0,,11500,,-1.767678306830184,1.636591838871288,-4.404270145701472,0.5039130434782608,,-2.7155484296094192,,1/9
120,ALL,gb,0.05,,575,,-20.40492304410028,1.9868310644780256,-23.391754108578294,0.44,,-0.9780522623867762,,2/9
120,ALL,gb,0.1,,1150,,-14.775311626973616,1.8966054701878303,-17.67191709716144,0.4721739130434783,,-0.8686018555110963,,2/9
120,ALL,gb,0.2,,2300,,-8.379612214628985,1.8434354937718056,-11.22304770840079,0.4808695652173913,,-0.9120048354157791,,2/9
120,ALL,gb,1.0,,11500,,-0.0865114214617987,1.636591838871288,-2.723103260333087,0.5158260869565218,,-1.206507586422129,,2/9
120,ALL,lr,0.05,,575,,-16.627167097820738,1.9036437020609287,-19.53081079988167,0.4556521739130434,,-1.1203984651161722,,2/9
120,ALL,lr,0.1,,1150,,-12.26417254854257,1.8889016091006496,-15.15307415764322,0.4782608695652174,,-1.452347179944064,,1/9
120,ALL,lr,0.2,,2300,,-5.419722414942556,1.8333223081978192,-8.253044723140373,0.5139130434782608,,-1.765340887108448,,1/9
120,ALL,lr,1.0,,11500,,-0.2385205373655987,1.636591838871288,-2.8751123762368875,0.5183478260869565,,-1.4546116133464646,,2/9
240,P,gb,0.05,4597.0,569,7.322883396091662,30.13047793206433,1.903536570896566,27.22694136116777,0.8014059753954306,1.0334568205834902,0.6735809596968685,7/9,4/9
240,P,gb,0.1,9194.0,1138,3.08057750803346,12.216774400414748,1.8624037697625848,9.354370630652168,0.7038664323374341,0.6099174658290066,0.3500485040861798,4/9,4/9
240,P,gb,0.2,18385.0,2276,3.344445477950023,1.0294143869870285,1.789493625980981,-1.760079238993956,0.6313708260105448,0.6735557670873342,-0.0946368028437692,6/9,2/9
240,P,gb,1.0,,11380,,-1.0010458561079083,1.642985816570392,-3.644031672678302,0.574340949033392,,-0.3588188069047361,,6/9
240,P,lr,0.05,4596.0,569,-10.540738029238607,-21.652490810129283,2.1742491367563144,-24.8267399468856,0.4762741652021089,-0.980248373537288,-0.503669584595078,4/9,3/9
240,P,lr,0.1,9192.0,1138,-1.9582735093633563,-10.923151304721369,2.103106946482358,-14.026258251203725,0.5474516695957821,-0.2753743418922892,-0.3493623528998654,6/9,4/9
240,P,lr,0.2,18384.0,2276,-0.9103499932565524,-1.7484203977189356,1.97500207862016,-4.723422476339088,0.6023725834797891,-0.1810524856070612,-0.1649933533790254,4/9,4/9
240,P,lr,1.0,,11380,,-1.2197042303526155,1.642985816570392,-3.862690046923009,0.5403339191564147,,-0.3553065603291215,,5/9
240,F,gb,0.05,,569,,-11.05802862474517,2.135181854202568,-14.193210478947735,0.4622144112478031,,-1.1644965875509123,,4/9
240,F,gb,0.1,,1138,,-3.185937154778779,1.9767158621976824,-6.162653016976461,0.469244288224956,,-0.8175337113221854,,4/9
240,F,gb,0.2,,2276,,-0.2190790373627959,1.869126413044788,-3.088205450407585,0.4758347978910369,,-0.5563058759195775,,4/9
240,F,gb,1.0,,11380,,4.85268735942089,1.642985816570392,2.209701542850497,0.5045694200351494,,0.5804333716996893,,4/9
240,F,lr,0.05,,569,,27.05963496235237,2.1885558458399945,23.871079116512373,0.6449912126537786,,1.3631965812337,,5/9
240,F,lr,0.1,,1138,,20.797726381216307,2.000185358843391,17.79754102237292,0.6195079086115993,,1.6577783277117617,,4/9
240,F,lr,0.2,,2276,,10.867430071259651,1.9139292070930072,7.953500864166643,0.5790861159929701,,1.4755780623063628,,5/9
240,F,lr,1.0,,11380,,2.0888484207893514,1.642985816570392,-0.5541373957810408,0.5225834797891037,,-0.1928904995740187,,4/9
240,B,gb,0.05,,569,,-36.24875366681302,1.759209401372683,-39.0079630681857,0.3550087873462214,,-1.3237665404047585,,2/9
240,B,gb,0.1,,1138,,-28.126106087900595,1.8692238138116668,-30.995329901712264,0.4279437609841828,,-1.24176693675976,,3/9
240,B,gb,0.2,,2276,,-16.190354335023326,1.8315332552752688,-19.021887590298597,0.484182776801406,,-1.1346949565112658,,2/9
240,B,gb,1.0,,11380,,0.0201362341829844,1.642985816570392,-2.6228495823874067,0.5315465729349736,,-0.5445110732206565,,3/9
240,B,lr,0.05,,569,,1.5300474651348042,2.036116494838771,-1.506069029703965,0.4569420035149384,,-0.1886047624067821,,3/9
240,B,lr,0.1,,1138,,1.754487124681766,1.9834580853450592,-1.228970960663295,0.4903339191564148,,-0.2094290599692862,,4/9
240,B,lr,0.2,,2276,,1.96865014813528,1.9471434666322085,-0.978493318496928,0.5035149384885764,,-0.1987042175910395,,4/9
240,B,lr,1.0,,11380,,0.0201362341829844,1.642985816570392,-2.6228495823874067,0.5315465729349736,,-0.5445110732206565,,3/9
240,L2,gb,0.05,4596.0,569,-6.665996091964215,-25.521163546564217,2.14197716849036,-28.66314071505458,0.4657293497363796,-2.422273750687148,-1.133301875564441,2/9,2/9
240,L2,gb,0.1,9192.0,1138,-4.251687812156478,-18.51665657777549,2.0198854853659065,-21.5365420631414,0.4657293497363796,-2.15500039571604,-1.1882463728955313,2/9,2/9
240,L2,gb,0.2,18384.0,2276,-3.760873605736372,-12.518988758582596,1.9155763325494315,-15.434565091132027,0.4780316344463972,-2.295897194380469,-1.3903394992046332,2/9,2/9
240,L2,gb,1.0,,11380,,-4.11367958303717,1.642985816570392,-6.756665399607562,0.4854130052724077,,-2.3612254872858345,,1/9
240,L2,lr,0.05,4596.0,569,-7.252676169182474,-7.430204026519505,1.6046347694951058,-10.034838796014611,0.5096660808435852,-1.89551810617268,-1.402221534808144,2/9,2/9
240,L2,lr,0.1,9192.0,1138,-5.538437333852064,-5.321198098230428,1.590781870244658,-7.9119799684750864,0.5017574692442882,-1.840889677718676,-2.0150073582495738,3/9,1/9
240,L2,lr,0.2,18384.0,2276,-3.461348504069357,-1.4537033941158377,1.627786910357437,-4.081490304473275,0.4969244288224956,-1.653903763867676,-1.269340231899007,2/9,3/9
240,L2,lr,1.0,,11380,,-2.308536983879597,1.642985816570392,-4.95152280044999,0.4804042179261863,,-2.5314742531097747,,1/9
240,PL2,gb,0.05,4596.0,569,7.893475343259827,35.852551909469085,1.8531221757157212,32.99942973375336,0.8260105448154658,1.0563812840119498,0.8077740752157772,6/9,4/9
240,PL2,gb,0.1,9192.0,1138,4.209744694217809,18.01810450111898,1.8595682461180212,15.15853625500096,0.7390158172231986,0.8484822773889645,0.5736440294244356,5/9,3/9
240,PL2,gb,0.2,18386.0,2276,4.417885100960575,3.242011861676069,1.791644265021544,0.4503675966545267,0.6335676625659051,0.9250208319755676,0.0259764813781344,6/9,2/9
240,PL2,gb,1.0,,11380,,-1.5937446124506998,1.642985816570392,-4.236730429021094,0.570298769771529,,-0.4532992917062331,,6/9
240,PL2,lr,0.05,4596.0,569,-10.09324756735059,-9.216602772394742,1.7877893668139944,-12.004392139208738,0.492091388400703,-1.204626925157744,-1.0057675022636476,3/9,4/9
240,PL2,lr,0.1,9192.0,1138,-4.448017151691468,-6.013922655114844,1.7579641401525017,-8.771886795267346,0.4912126537785589,-0.7065132116178684,-1.055551512339947,5/9,4/9
240,PL2,lr,0.2,18384.0,2276,-1.9804054194016425,-2.8842383256542106,1.7304206143898244,-5.614658940044035,0.5057117750439367,-0.4277386977429694,-1.3027433496392329,5/9,3/9
240,PL2,lr,1.0,,11380,,-1.9228787053797856,1.642985816570392,-4.565864521950179,0.4903339191564148,,-1.995872650409537,,2/9
240,ALL,gb,0.05,4603.0,569,-2.1064733381723806,-46.39943750783619,1.7560324477900768,-49.155469955626266,0.4762741652021089,-0.2111268490585721,-0.8347781054380924,3/6,1/9
240,ALL,gb,0.1,9192.0,1138,-1.015653741786017,-24.144981309786736,1.69211659967521,-26.83709790946195,0.5193321616871704,-0.1091287742198804,-0.7633522066752443,7/9,2/9
240,ALL,gb,0.2,18384.0,2276,-8.387156306288396,-12.998549564832896,1.7893450912774638,-15.787894656110367,0.5483304042179262,-0.8487839255248144,-0.6647980711662568,6/9,3/9
240,ALL,gb,1.0,,11380,,0.0201362341829844,1.642985816570392,-2.6228495823874067,0.5315465729349736,,-0.5445110732206565,,3/9
240,ALL,lr,0.05,,569,,-24.108210029670005,1.8962813055183831,-27.004491335188387,0.4604569420035149,,-1.0511252395641812,,4/9
240,ALL,lr,0.1,,1138,,-14.047610655811512,1.8137938934995683,-16.86140454931108,0.4964850615114236,,-0.9911907294672234,,3/9
240,ALL,lr,0.2,,2276,,-5.68543332198313,1.8010522577928758,-8.486485579776005,0.523725834797891,,-0.8055206543017597,,4/9
240,ALL,lr,1.0,,11380,,-0.7115986730762464,1.642985816570392,-3.354584489646637,0.5219683655536028,,-0.8328922125523972,,3/9
