H_min,group,model,sim,n_trades,trades_per_day,win_rate,gross_bps,net_bps,days_pos,t_daily
5,P,gb,sequential fixed-hold top10% ev,309,34.333333333333336,0.5275080906148867,-1.0606192142656714,-4.217862291906961,1/9,-2.3075933719736144
5,P,lr,sequential fixed-hold top10% ev,316,35.111111111111114,0.5379746835443038,0.309615793755281,-2.798456996752528,1/9,-2.339582820970652
5,F,gb,sequential fixed-hold top10% ev,412,45.77777777777778,0.529126213592233,0.19538435338726945,-2.7234120310832846,0/9,-3.9777243656566603
5,F,lr,sequential fixed-hold top10% ev,345,38.333333333333336,0.5101449275362319,0.4032128972370912,-2.585395558721283,1/9,-2.296145977407422
5,B,gb,sequential fixed-hold top10% ev,307,34.111111111111114,0.504885993485342,-0.36675552686871604,-3.221558597307679,0/9,-2.2704973822808876
5,B,lr,sequential fixed-hold top10% ev,419,46.55555555555556,0.4916467780429594,-0.3218139129356781,-3.122792758599859,0/9,-2.436932388194245
5,L2,gb,sequential fixed-hold top10% ev,451,50.111111111111114,0.4634146341463415,-1.081320436449956,-4.074593531345871,0/9,-2.874269080844494
5,L2,lr,sequential fixed-hold top10% ev,530,58.888888888888886,0.47547169811320755,-0.2769637042807889,-3.1041828745900593,0/9,-3.0393337846798714
5,PL2,gb,sequential fixed-hold top10% ev,307,34.111111111111114,0.4788273615635179,-1.288234551152404,-4.491945560463398,1/9,-2.913798821681983
5,PL2,lr,sequential fixed-hold top10% ev,524,58.22222222222222,0.5095419847328244,0.21608994554320088,-2.7160782406559254,1/9,-2.846793803197685
5,ALL,gb,sequential fixed-hold top10% ev,282,31.333333333333332,0.5319148936170213,-0.6139021063849366,-3.647473437372782,2/9,-2.4084384350125028
5,ALL,lr,sequential fixed-hold top10% ev,576,64.0,0.4739583333333333,-0.5934053217113772,-3.400624921213838,0/9,-3.9336635152640915
15,P,gb,sequential fixed-hold top10% ev,143,15.88888888888889,0.5244755244755245,0.019555991112472748,-3.0680283602282117,5/9,-0.8880308925094874
15,P,lr,sequential fixed-hold top10% ev,151,16.77777777777778,0.543046357615894,0.7955689396478717,-2.4378314943430133,2/9,-0.9834199496999333
15,F,gb,sequential fixed-hold top10% ev,174,19.333333333333332,0.4827586206896552,0.19911395523802897,-2.6587038895028323,1/9,-1.6998951010675065
15,F,lr,sequential fixed-hold top10% ev,148,16.444444444444443,0.527027027027027,3.0109956578836345,-0.030619145536307058,4/9,-0.016361016237861976
15,B,gb,sequential fixed-hold top10% ev,103,11.444444444444445,0.44660194174757284,-1.8042780930311346,-4.748063919633857,1/9,-1.4872569701052878
15,B,lr,sequential fixed-hold top10% ev,173,19.22222222222222,0.5028901734104047,-1.4197376537040527,-4.248729209150637,2/9,-1.7719250482215712
15,L2,gb,sequential fixed-hold top10% ev,267,29.666666666666668,0.47191011235955055,-1.234851447437652,-4.241594954019905,0/9,-2.5458101128842494
15,L2,lr,sequential fixed-hold top10% ev,282,31.333333333333332,0.46808510638297873,0.6127571390196367,-2.1394926574194897,2/9,-1.3837086589094227
15,PL2,gb,sequential fixed-hold top10% ev,136,15.11111111111111,0.5220588235294118,-0.8255987352805547,-4.001958027548348,4/9,-1.0660420445487333
15,PL2,lr,sequential fixed-hold top10% ev,317,35.22222222222222,0.48264984227129337,-0.29460278119841826,-3.100803790232019,2/9,-2.050727738749805
15,ALL,gb,sequential fixed-hold top10% ev,125,13.88888888888889,0.488,-0.6813230255353631,-3.815538863757058,3/9,-1.9849104177281005
15,ALL,lr,sequential fixed-hold top10% ev,321,35.666666666666664,0.48286604361370716,0.008199902302556497,-2.6520010646981613,1/9,-3.0989853840403185
30,P,gb,sequential fixed-hold top10% ev,86,9.555555555555555,0.6162790697674418,2.2516509665243416,-0.8390908469547987,6/9,-0.2241249978718288
30,P,lr,sequential fixed-hold top10% ev,87,9.666666666666666,0.5057471264367817,1.6290677117458174,-1.5839170889553849,4/9,-0.31102424758394576
30,F,gb,sequential fixed-hold top10% ev,109,12.11111111111111,0.47706422018348627,-0.5475249997297424,-3.2957398687387944,0/9,-3.520843000428413
30,F,lr,sequential fixed-hold top10% ev,99,11.0,0.5454545454545454,4.688321625113577,1.7427123289978133,4/9,0.7552819300238709
30,B,gb,sequential fixed-hold top10% ev,52,5.777777777777778,0.4230769230769231,-3.5790856872264243,-6.652103712165812,2/9,-1.0365073686801272
30,B,lr,sequential fixed-hold top10% ev,123,13.666666666666666,0.4715447154471545,-5.596081904626151,-8.219712542104757,1/9,-2.7503054187458233
30,L2,gb,sequential fixed-hold top10% ev,150,16.666666666666668,0.5,-2.1980643050328057,-5.2245572622192284,2/9,-2.155500472834308
30,L2,lr,sequential fixed-hold top10% ev,150,16.666666666666668,0.44666666666666666,-0.7219181601179514,-3.716861002284507,1/9,-2.4574298156515644
30,PL2,gb,sequential fixed-hold top10% ev,84,9.333333333333334,0.6071428571428571,4.377472391478593,1.454447805780204,7/9,0.31324083732871905
30,PL2,lr,sequential fixed-hold top10% ev,175,19.444444444444443,0.4514285714285714,-3.0335603154131463,-6.052001334448699,2/9,-2.1482881660161333
30,ALL,gb,sequential fixed-hold top10% ev,69,7.666666666666667,0.4057971014492754,-3.968903920230444,-7.105390612223891,3/9,-1.5402605831593845
30,ALL,lr,sequential fixed-hold top10% ev,174,19.333333333333332,0.4942528735632184,0.5551270018456061,-2.418889184729956,4/9,-0.8607640257865401
60,P,gb,sequential fixed-hold top10% ev,51,5.666666666666667,0.49019607843137253,-3.7117355751437695,-6.522587680376439,6/9,-0.813665506982651
60,P,lr,sequential fixed-hold top10% ev,60,6.666666666666667,0.5,-1.4176443967466312,-4.6682204675455115,3/9,-0.6182377419253212
60,F,gb,sequential fixed-hold top10% ev,59,6.555555555555555,0.559322033898305,7.3133431330656675,4.403824343665409,4/9,1.143049852200684
60,F,lr,sequential fixed-hold top10% ev,65,7.222222222222222,0.5076923076923077,2.1013819627723453,-0.7466833788310547,3/9,-0.17906412886222128
60,B,gb,sequential fixed-hold top10% ev,30,3.3333333333333335,0.43333333333333335,-12.835331617566226,-15.650282500671207,2/9,-1.3817848982834815
60,B,lr,sequential fixed-hold top10% ev,102,11.333333333333334,0.49019607843137253,-1.7479920503556368,-4.698226363346052,2/9,-2.018891752179753
60,L2,gb,sequential fixed-hold top10% ev,93,10.333333333333334,0.46236559139784944,-2.3059815985531777,-5.3665781880705214,3/9,-1.4063278616174943
60,L2,lr,sequential fixed-hold top10% ev,114,12.666666666666666,0.5087719298245614,1.0562223277825196,-1.757328608746708,3/9,-0.5410774573031262
60,PL2,gb,sequential fixed-hold top10% ev,51,5.666666666666667,0.5686274509803921,-1.992481505272328,-4.789308586700386,5/9,-0.623326083014341
60,PL2,lr,sequential fixed-hold top10% ev,111,12.333333333333334,0.46846846846846846,-5.186209046098156,-8.038730564017945,2/9,-1.548647676939891
60,ALL,gb,sequential fixed-hold top10% ev,42,4.666666666666667,0.6428571428571429,4.827326842484664,1.6472012266010874,4/9,0.3178602115802368
60,ALL,lr,sequential fixed-hold top10% ev,92,10.222222222222221,0.5434782608695652,-0.5141290255228839,-3.387223937418376,3/9,-1.3381865004358753
120,P,gb,sequential fixed-hold top10% ev,30,3.3333333333333335,0.5333333333333333,-13.325515550540956,-16.100322192789452,5/9,-0.9916990849610945
120,P,lr,sequential fixed-hold top10% ev,27,3.0,0.5925925925925926,-5.94739102546474,-9.054781745911654,3/9,-0.6559001421370589
120,F,gb,sequential fixed-hold top10% ev,36,4.0,0.5277777777777778,4.916136132006403,1.9838323311098636,4/9,0.15534990624959036
120,F,lr,sequential fixed-hold top10% ev,39,4.333333333333333,0.5897435897435898,3.622128859910881,0.6612700478846105,3/9,0.061787271445262214
120,B,gb,sequential fixed-hold top10% ev,24,2.6666666666666665,0.4166666666666667,-16.19689987559273,-19.154528656997858,1/9,-1.24960398067181
120,B,lr,sequential fixed-hold top10% ev,70,7.777777777777778,0.5142857142857142,-2.3038850545370946,-5.284429637308875,2/9,-1.0765496220427646
120,L2,gb,sequential fixed-hold top10% ev,56,6.222222222222222,0.3392857142857143,-15.61887816865091,-18.467042109611157,1/9,-2.0463573952594833
120,L2,lr,sequential fixed-hold top10% ev,59,6.555555555555555,0.5084745762711864,-3.9049604947809216,-6.804759021434564,3/9,-0.7425819618973192
120,PL2,gb,sequential fixed-hold top10% ev,29,3.2222222222222223,0.5862068965517241,-16.915299045646897,-19.712126340703694,5/9,-0.9564721116898036
120,PL2,lr,sequential fixed-hold top10% ev,65,7.222222222222222,0.49230769230769234,-6.747516878185421,-9.721102554429333,4/9,-1.3458116018068966
120,ALL,gb,sequential fixed-hold top10% ev,22,2.4444444444444446,0.45454545454545453,-14.237865529603317,-17.111654402768846,3/9,-1.0159485867035987
120,ALL,lr,sequential fixed-hold top10% ev,48,5.333333333333333,0.5208333333333334,-1.6518958495933174,-4.607089627429784,2/9,-1.3801983559563704
240,P,gb,sequential fixed-hold top10% ev,18,2.0,0.4444444444444444,-12.085633777832388,-15.421067796924152,1/9,-0.5993951196998992
240,P,lr,sequential fixed-hold top10% ev,16,1.7777777777777777,0.5,0.34381506773151216,-3.0525394086570987,3/9,-0.09341383163839567
240,F,gb,sequential fixed-hold top10% ev,25,2.7777777777777777,0.56,11.168993397189551,7.8868014600495995,4/9,0.46515728079659735
240,F,lr,sequential fixed-hold top10% ev,23,2.5555555555555554,0.391304347826087,-17.975116853089062,-20.766661561147775,3/9,-1.104161692074674
240,B,gb,sequential fixed-hold top10% ev,12,1.3333333333333333,0.3333333333333333,-35.543717919521704,-38.54714761308188,2/9,-1.258100674347677
240,B,lr,sequential fixed-hold top10% ev,43,4.777777777777778,0.5348837209302325,-0.4142540890670498,-3.235825697482657,3/9,-0.42063635217984957
240,L2,gb,sequential fixed-hold top10% ev,29,3.2222222222222223,0.41379310344827586,-25.685080668277845,-28.61887678896234,2/9,-2.603809381057812
240,L2,lr,sequential fixed-hold top10% ev,34,3.7777777777777777,0.5,-11.455202558709235,-14.001403357297129,1/9,-2.6286939764033743
240,PL2,gb,sequential fixed-hold top10% ev,18,2.0,0.4444444444444444,-12.437603192279786,-15.785639992438652,1/9,-0.6133239930644492
240,PL2,lr,sequential fixed-hold top10% ev,33,3.6666666666666665,0.5757575757575758,10.954002658825473,8.083827664130837,4/9,1.0328145639620359
240,ALL,lr,sequential fixed-hold top10% ev,25,2.7777777777777777,0.6,-7.93708579417256,-10.682453273009974,2/9,-0.9781598096382819
