H_min,model,r2_external,spearman,n
5,vol_hgb,0.716256848275155,0.8482328706579678,11615
5,vol_har,0.7034015550699502,0.8421845815277001,11615
15,vol_hgb,0.7634344758962301,0.8734010176481865,11605
15,vol_har,0.7403493450590705,0.8632719774849741,11605
30,vol_hgb,0.7742834517180137,0.8796627670416483,11590
30,vol_har,0.7418171785087797,0.8653470880968899,11590
60,vol_hgb,0.7772199973700725,0.8773641463017012,11560
60,vol_har,0.7179851006527664,0.8486453264374537,11560
120,vol_hgb,0.7717635886802099,0.8712137872018362,11500
120,vol_har,0.6577520843266096,0.8142965069005734,11500
240,vol_hgb,0.7334131590447273,0.8384317446440916,11380
240,vol_har,0.5567514063087919,0.7459804995594006,11380
