H_min,group,model,shifted_feature_share,n,dir_auc,dir_skill_pct,ic_score_fwd,hit_auc,p_up_mean,realised_up
5,P,gb,0.0,11615,0.5318451199188207,0.275951971890862,0.05787085545631286,0.723083333004336,0.49378197464818724,0.5013344812742144
5,P,lr,0.0,11615,0.5308100236915337,0.18128134224758335,0.05996771937331836,0.7203618815731435,0.49217646623091665,0.5013344812742144
5,F,gb,0.25,11615,0.5123380754352856,-0.08334224080589461,0.028351296521207933,0.5789076156195517,0.49894677289822026,0.5013344812742144
5,F,lr,0.25,11615,0.5205843623068362,-0.1794665702752123,0.04477182564437833,0.531470574054979,0.5025383417472634,0.5013344812742144
5,B,gb,0.375,11615,0.5072256598428977,-1.1823244212807975,0.019943850356137393,0.5192811760017582,0.5653380043535648,0.5013344812742144
5,B,lr,0.375,11615,0.5094872578544029,-6.058790974365737,0.016877086947398503,0.4897821187886341,0.5871325903385001,0.5013344812742144
5,L2,gb,0.22413793103448276,11615,0.5081025733351171,-0.14926646141029265,0.021918871874992474,0.5720597742790801,0.5114730677957575,0.5013344812742144
5,L2,lr,0.22413793103448276,11615,0.5097324633312555,-1.6887464849961318,0.0227888389529974,0.5403804513820223,0.48976750507897454,0.5013344812742144
5,PL2,gb,0.16883116883116883,11615,0.5333028472062111,0.2425256400667012,0.06016180739012522,0.7210816082205799,0.500284446671996,0.5013344812742144
5,PL2,lr,0.16883116883116883,11615,0.5184405489092121,-1.1620659414189,0.039996866221357646,0.6983619160281425,0.4879949904363449,0.5013344812742144
5,ALL,gb,0.21100917431192662,11615,0.5384546824698779,0.02021185615235011,0.07514451191782884,0.7219480976114909,0.5336091384561034,0.5013344812742144
5,ALL,lr,0.21100917431192662,11615,0.5148937865940265,-8.688493015250646,0.03261956565667236,0.6625286870767075,0.5408185854236027,0.5013344812742144
15,P,gb,0.0,11605,0.561981914327063,0.615960061077162,0.10019898000711569,0.7212853807872601,0.4986523466158889,0.5110728134424817
15,P,lr,0.0,11605,0.544435369336965,0.3341144921256749,0.07538510141342397,0.705926199956575,0.49795151310853575,0.5110728134424817
15,F,gb,0.25,11605,0.5118279197969696,-0.7719985153264202,0.02207795865226119,0.5596518887613284,0.4954561106787693,0.5110728134424817
15,F,lr,0.25,11605,0.5293785358077769,-0.10071915943226319,0.056575869891947586,0.5152141667370707,0.5069331897225181,0.5110728134424817
15,B,gb,0.375,11605,0.5121125198031385,-1.9252183966911973,0.018058220523141627,0.5194479047078804,0.5935841362205171,0.5110728134424817
15,B,lr,0.375,11605,0.5040151258923038,-7.5572986030207305,0.0005118622591507307,0.4917742142144046,0.6583428087632721,0.5110728134424817
15,L2,gb,0.22413793103448276,11605,0.5062470704251518,-0.022270466621200777,0.011671198872780392,0.5566746957782307,0.5080658890929759,0.5110728134424817
15,L2,lr,0.22413793103448276,11605,0.4981516080204932,-3.0526598648862424,-0.009379814153074973,0.532032509977567,0.4587176871618874,0.5110728134424817
15,PL2,gb,0.16883116883116883,11605,0.5573738160387162,0.637567600007317,0.09226249111374799,0.7205488963263219,0.5034383142244707,0.5110728134424817
15,PL2,lr,0.16883116883116883,11605,0.5105767198116133,-2.1788421441974615,0.010467662620253292,0.68125658399949,0.4750914848824764,0.5110728134424817
15,ALL,gb,0.21100917431192662,11605,0.5421203254653281,-0.2284304074606594,0.07317406187827848,0.718691524240151,0.557394075087922,0.5110728134424817
15,ALL,lr,0.21100917431192662,11605,0.5170045643571023,-10.688317440148241,0.02490498890756085,0.6563674658351306,0.6246964547411549,0.5110728134424817
30,P,gb,0.0,11590,0.5878209882289855,1.5486423645936627,0.12392137775701022,0.7239392981280416,0.5053989475795396,0.5103537532355479
30,P,lr,0.0,11590,0.5580903027843048,0.5166328107733301,0.0832844607838196,0.7056461028996401,0.5010001723274958,0.5103537532355479
30,F,gb,0.25,11590,0.5250776008132836,-1.0342627148221568,0.035854265238862947,0.5505111875422868,0.5098822845125788,0.5103537532355479
30,F,lr,0.25,11590,0.5521883362317113,0.6440472122438587,0.09816886742685586,0.5200514767550877,0.5093579953266545,0.5103537532355479
30,B,gb,0.375,11590,0.5123301693223754,-7.393851260294415,0.03406767158405654,0.5115059437409217,0.6659545566704465,0.5103537532355479
30,B,lr,0.375,11590,0.493005269214012,-4.202878702667558,-0.014832857444770121,0.4969400038746875,0.6084759736763152,0.5103537532355479
30,L2,gb,0.22413793103448276,11590,0.4943334239464365,-0.32047364909522164,-0.0036748716534199346,0.5328934834082819,0.5249739889219466,0.5103537532355479
30,L2,lr,0.22413793103448276,11590,0.4881335810919003,-4.020926478579589,-0.03277957605567748,0.5253807164613429,0.4481164527114196,0.5103537532355479
30,PL2,gb,0.16883116883116883,11590,0.5885676749546624,1.5417447426985549,0.12897627086530905,0.7242310271282487,0.511028375842473,0.5103537532355479
30,PL2,lr,0.16883116883116883,11590,0.507084609054111,-3.4176726675341538,-0.003915470744830532,0.668413982679554,0.4757637872249875,0.5103537532355479
30,ALL,gb,0.21100917431192662,11590,0.5865405729478925,-0.661441094330914,0.12365489936821343,0.7208192078982341,0.5970517789426665,0.5103537532355479
30,ALL,lr,0.21100917431192662,11590,0.5241874871993476,-2.481620515119739,0.03276395395707833,0.6468286622097876,0.48749213631828403,0.5103537532355479
60,P,gb,0.0,11560,0.5685424628172222,1.0290816391962705,0.09024084423900079,0.743659724196325,0.509666987389624,0.5208477508650519
60,P,lr,0.0,11560,0.56474203440153,0.5802361830349202,0.10102273281102354,0.7118043456110976,0.5061147119186349,0.5208477508650519
60,F,gb,0.25,11560,0.5270159035060504,-0.6099602156770829,0.025306299302728485,0.5309862363444359,0.5258683163819444,0.5208477508650519
60,F,lr,0.25,11560,0.5549398792857124,0.6584781656077959,0.08880346372832144,0.5206630019603016,0.5109865135645419,0.5208477508650519
60,B,gb,0.375,11560,0.4951611707222351,-6.14472646415753,-0.0013095692228367924,0.5142412098555094,0.6623233038581993,0.5208477508650519
60,B,lr,0.375,11560,0.5025851177015728,-18.94257569004737,-0.0036915164656553235,0.5091116345214175,0.7486362015479968,0.5208477508650519
60,L2,gb,0.22413793103448276,11560,0.4833435626207953,-0.5152428889545135,-0.03143890679228897,0.5206553375666438,0.5262886423800235,0.5208477508650519
60,L2,lr,0.22413793103448276,11560,0.4830988273305572,-7.671612053901806,-0.0352020223409605,0.501821169424425,0.4697926783126605,0.5208477508650519
60,PL2,gb,0.16883116883116883,11560,0.5663599049832178,0.96842776994654,0.08783965674716926,0.7438785973809234,0.5145549076128535,0.5208477508650519
60,PL2,lr,0.16883116883116883,11560,0.4973753024671218,-7.520825494451991,-0.013985662454403271,0.652674549605035,0.500422136196126,0.5208477508650519
60,ALL,gb,0.21100917431192662,11560,0.5864854845916166,-2.0456478581357787,0.11348922165334148,0.7298441540963573,0.6280132801204981,0.5208477508650519
60,ALL,lr,0.21100917431192662,11560,0.5104340681119123,-17.29860884838807,0.009681982532013767,0.6208030288682672,0.6843200672054468,0.5208477508650519
120,P,gb,0.0,11500,0.6085195526370948,2.179906211649706,0.1250532321410259,0.778497089461101,0.5222248850604158,0.5157391304347826
120,P,lr,0.0,11500,0.5683066099916805,0.6839829266698264,0.08041998398251456,0.699881091002643,0.518620356515688,0.5157391304347826
120,F,gb,0.25,11500,0.500404499109121,-0.6036116364030621,-0.01778106292379186,0.5465972776852486,0.5419156121383127,0.5157391304347826
120,F,lr,0.25,11500,0.555806238735341,0.5732809213823133,0.09550986018734356,0.5282771136277692,0.5334315708605982,0.5157391304347826
120,B,gb,0.375,11500,0.5072812564458956,-9.338363943885156,0.001711350557104916,0.5434537025939649,0.6886314102086043,0.5157391304347826
120,B,lr,0.375,11500,0.508984615349216,-47.7105859755112,-0.006152928824643713,0.5124736920139441,0.8480732101858091,0.5157391304347826
120,L2,gb,0.22413793103448276,11500,0.49160815348858794,-0.2995712708387235,-0.03179230035943069,0.4723488311091871,0.513236657161344,0.5157391304347826
120,L2,lr,0.22413793103448276,11500,0.47961060182764387,-7.045966275008365,-0.055812636139549954,0.5015271740702703,0.4758093354513639,0.5157391304347826
120,PL2,gb,0.16883116883116883,11500,0.60729694231008,2.0294375047193265,0.12068039625760921,0.778497089461101,0.5233021740682886,0.5157391304347826
120,PL2,lr,0.16883116883116883,11500,0.5009579700281616,-5.0842265162694265,-0.03288793719786859,0.6008965185635968,0.527167081871343,0.5157391304347826
120,ALL,gb,0.21100917431192662,11500,0.5698689141927522,-10.582252853169608,0.09548858588007196,0.7609728969625835,0.7036803334385529,0.5157391304347826
120,ALL,lr,0.21100917431192662,11500,0.5194677439019425,-95.87157758087777,0.004269502324704878,0.6141002345892286,0.8617255351819875,0.5157391304347826
240,P,gb,0.0,11380,0.6074149060729858,2.7485611913519334,0.11697926818943194,0.8422558399513403,0.5342201357326599,0.5315465729349736
240,P,lr,0.0,11380,0.5440036550128555,0.03245634346533383,0.0598264817903654,0.7739468010117011,0.5248774993103325,0.5315465729349736
240,F,gb,0.25,11380,0.5021719237246474,-1.0700346203722382,0.04193592966741621,0.5470207405934492,0.5532463458315983,0.5315465729349736
240,F,lr,0.25,11380,0.5257296450897053,0.23809760428757806,0.0391549895479351,0.5398558548340309,0.5389778957145686,0.5315465729349736
240,B,gb,0.375,11380,0.49747573581461396,-6.492366941892909,-0.005392450353892054,0.5090137961317943,0.6747747899478688,0.5315465729349736
240,B,lr,0.375,11380,0.5173052907291014,-41.551256651920845,0.01163696922242766,0.48231285250033873,0.8472608119424143,0.5315465729349736
240,L2,gb,0.22413793103448276,11380,0.475377783740049,-0.4160447595245165,-0.05173106039587973,0.4633839466043568,0.5331208796287632,0.5315465729349736
240,L2,lr,0.22413793103448276,11380,0.4898924462292392,-32.209191028209275,-0.028695227841731875,0.49137256160360476,0.4340894971039214,0.5315465729349736
240,PL2,gb,0.16883116883116883,11380,0.6127833690092779,2.897739735708491,0.12692349072072676,0.8420889568408735,0.5360337754914595,0.5315465729349736
240,PL2,lr,0.16883116883116883,11380,0.496246110401024,-33.25056423603394,-0.014735917379106862,0.6203815742893282,0.4703875168276838,0.5315465729349736
240,ALL,gb,0.21100917431192662,11380,0.5716850808127052,-20.196936599007227,0.06130682088288233,0.8212863575455033,0.774480741130422,0.5315465729349736
240,ALL,lr,0.21100917431192662,11380,0.499506298512129,-78.57574091253751,-0.010777649527054272,0.6220477661625488,0.8122744686232186,0.5315465729349736
