H_min,model,bybit_r2,r2_external_prev,r2_external_clean,spearman_prev,spearman_clean
5,vol_hgb,0.6825622834033522,0.716256848275155,0.7147826414492919,0.8482328706579678,0.8477980076796066
5,vol_har,0.6797979311209186,0.7034015550699502,0.7020948923314767,0.8421845815277001,0.8420185759561519
15,vol_hgb,0.7665951891942356,0.7634344758962301,0.7618357651046619,0.8734010176481865,0.8723350768302341
15,vol_har,0.7670920985960745,0.7403493450590705,0.7394806061403411,0.8632719774849741,0.8630161374029094
30,vol_hgb,0.7709433790031588,0.7742834517180137,0.7716170750794933,0.8796627670416483,0.8780728488726819
30,vol_har,0.7682169148896406,0.7418171785087797,0.7408071531492639,0.8653470880968899,0.8649180675121063
60,vol_hgb,0.7679964454507049,0.7772199973700725,0.7682343138943897,0.8773641463017012,0.8722450890814645
60,vol_har,0.757653749259852,0.7179851006527664,0.716432470167919,0.8486453264374537,0.8478224728824363
120,vol_hgb,0.7372082155481064,0.7717635886802099,0.7650013403818557,0.8712137872018362,0.8656286249058756
120,vol_har,0.7217958219688347,0.6577520843266096,0.6547729957557483,0.8142965069005734,0.8123952414830575
240,vol_hgb,0.6905015977065294,0.7334131590447273,0.7151842739859757,0.8384317446440916,0.8304715537440301
240,vol_har,0.661933643346903,0.5567514063087919,0.5512546032313281,0.7459804995594006,0.7420344205229302
