H_min,group,model,bybit_dir_auc,dir_auc_prev,dir_auc_clean,d_dir,bybit_hit_auc,hit_auc_prev,hit_auc_clean,ic_score_fwd_prev,ic_score_fwd_clean
5,P,gb,0.5285748343688882,0.5318451199188207,0.5171492322311125,-0.014695887687708131,0.708236985305444,0.723083333004336,0.7199719448973642,0.0578708554563128,0.0312373907330895
5,P,lr,0.5272738710200853,0.5308100236915337,0.5267348984262257,-0.004075125265308066,0.7045075183676605,0.7203618815731435,0.7196140106946881,0.0599677193733183,0.0542868634927653
5,F,gb,,0.5123380754352856,0.5135673643192409,0.0012292888839552374,,0.5789076156195517,0.5805078589101286,0.0283512965212079,0.027091258241725
5,F,lr,,0.5205843623068362,0.5218682664856357,0.001283904178799422,,0.531470574054979,0.52981018406028,0.0447718256443783,0.0467875708879539
5,B,gb,,0.5072256598428977,0.5093767819648318,0.0021511221219341348,,0.5192811760017582,0.5228959002020523,0.0199438503561373,0.0202481233992213
5,B,lr,,0.5094872578544029,0.509896842915738,0.00040958506133514927,,0.4897821187886341,0.4879610285247912,0.0168770869473985,0.0183905313853169
5,L2,gb,0.529316203552161,0.5081025733351171,0.506139862120397,-0.0019627112147201364,0.598151552435765,0.5720597742790801,0.5682410716988193,0.0219188718749924,0.0184178787553256
5,L2,lr,0.5284186660245488,0.5097324633312555,0.5113780678259104,0.0016456044946548953,0.5834437013451774,0.5403804513820223,0.5399941785407805,0.0227888389529974,0.0272936440064326
5,PL2,gb,0.5395002769851867,0.5333028472062111,0.5269094479597481,-0.006393399246462983,0.7087177322439512,0.7210816082205799,0.7188829336373986,0.0601618073901252,0.0483906984754518
5,PL2,lr,0.536296894955897,0.5184405489092121,0.5194411473647557,0.0010005984555435665,0.7053371574598338,0.6983619160281425,0.6929258622931788,0.0399968662213576,0.0442345577520191
5,ALL,gb,0.5406561893193221,0.5384546824698779,0.5334033606967228,-0.0050513217731551485,0.7086423620236257,0.7219480976114909,0.7195531910413653,0.0751445119178288,0.0669462330663491
5,ALL,lr,0.5352517175754974,0.5148937865940265,0.5148004484028377,-9.33381911888409e-05,0.7064028255620403,0.6625286870767075,0.6558608372158015,0.0326195656566723,0.0334488328947818
15,P,gb,0.5297892332510066,0.561981914327063,0.5264272983749734,-0.03555461595208964,0.6935254403058183,0.7212853807872601,0.7150260781544895,0.1001989800071156,0.0356032376710613
15,P,lr,0.5298374812518449,0.544435369336965,0.5391465488412241,-0.005288820495740865,0.6911827940807531,0.705926199956575,0.7053302950472963,0.0753851014134239,0.0672400068461376
15,F,gb,0.5188783984896854,0.5118279197969696,0.5109313740610131,-0.0008965457359565443,0.6011707100664014,0.5596518887613284,0.5599123380965495,0.0220779586522611,0.0177874161108824
15,F,lr,0.5277062150253344,0.5293785358077769,0.5328953628221432,0.003516827014366286,0.602569480369928,0.5152141667370707,0.514768304783417,0.0565758698919475,0.0628399465077045
15,B,gb,0.5034514981327088,0.5121125198031385,0.5125884726403933,0.0004759528372547672,0.5206099294791735,0.5194479047078804,0.5386043792427595,0.0180582205231416,0.0231369079871695
15,B,lr,0.5068320801111392,0.5040151258923038,0.5049079571933064,0.0008928313010025946,0.5150474425526949,0.4917742142144046,0.491084620081971,0.0005118622591507,0.0028027087534489
15,L2,gb,0.5204144500233358,0.5062470704251518,0.5088805899497375,0.0026335195245856813,0.5721941779629282,0.5566746957782307,0.5552427044622525,0.0116711988727803,0.0127119163161704
15,L2,lr,0.520473199767701,0.4981516080204932,0.5036035367839305,0.005451928763437364,0.5615251847087472,0.532032509977567,0.5297726308238642,-0.0093798141530749,0.0023830478963961
15,PL2,gb,0.533220467303452,0.5573738160387162,0.5313999758829168,-0.0259738401557994,0.6932717040738814,0.7205488963263219,0.7152081077202967,0.0922624911137479,0.0466251309548881
15,PL2,lr,0.5323850304390667,0.5105767198116133,0.5137204392637289,0.0031437194521155565,0.691855277145442,0.68125658399949,0.6783927232793399,0.0104676626202532,0.018257903963265
15,ALL,gb,0.5334642560115211,0.5421203254653281,0.5382046572833503,-0.0039156681819777495,0.6910995832701574,0.718691524240151,0.7130591073544394,0.0731740618782784,0.0635917229357186
15,ALL,lr,0.5306040673072009,0.5170045643571023,0.5200104634146878,0.003005899057585526,0.6878731851688031,0.6563674658351306,0.6503876307793663,0.0249049889075608,0.0314723214318262
30,P,gb,0.5268853315707104,0.5878209882289855,0.5407409371380906,-0.04708005109089497,0.6860867619721647,0.7239392981280416,0.7185031060512832,0.1239213777570102,0.0473427391583186
30,P,lr,0.5295118114403928,0.5580903027843048,0.5503611887942623,-0.007729113990042502,0.6824610716481405,0.7056461028996401,0.7044569469835014,0.0832844607838196,0.0710539213409745
30,F,gb,,0.5250776008132836,0.5237332548847289,-0.0013443459285547021,,0.5505111875422868,0.552245483938086,0.0358542652388629,0.0283685608774572
30,F,lr,,0.5521883362317113,0.5526330802372822,0.0004447440055709295,,0.5200514767550877,0.5216195761170985,0.0981688674268558,0.0971582145612419
30,B,gb,,0.5123301693223754,0.5122365970187047,-9.357230367068592e-05,,0.5115059437409217,0.5149092222256818,0.0340676715840565,0.0375417024525975
30,B,lr,,0.493005269214012,0.4940431442498538,0.0010378750358417954,,0.4969400038746875,0.4964289182653459,-0.0148328574447701,-0.0132977148702673
30,L2,gb,0.514546494823479,0.4943334239464365,0.4905375789916623,-0.003795844954774197,0.552272705629322,0.5328934834082819,0.5267191886977739,-0.0036748716534199,-0.0096614536211668
30,L2,lr,0.5135606753988289,0.4881335810919003,0.4964980096149192,0.008364428523018885,0.5427349377583339,0.5253807164613429,0.5212441539911505,-0.0327795760556774,-0.0148190620352365
30,PL2,gb,0.5273567111815133,0.5885676749546624,0.5429943732986768,-0.04557330165598561,0.6860315564382735,0.7242310271282487,0.7173715422491671,0.128976270865309,0.0523657989545189
30,PL2,lr,0.531455010700849,0.507084609054111,0.5093412477051922,0.0022566386510811665,0.6837433986864974,0.668413982679554,0.6552328790954185,-0.0039154707448305,0.0033274539718921
30,ALL,gb,0.5218700711553036,0.5865405729478925,0.567547942399857,-0.01899263054803557,0.6828468288122116,0.7208192078982341,0.7126029337413616,0.1236548993682134,0.0909442691350838
30,ALL,lr,0.5290363166522826,0.5241874871993476,0.523687094335688,-0.0005003928636595489,0.6754136088909342,0.6468286622097876,0.6309157865837958,0.0327639539570783,0.0343554347996768
60,P,gb,0.5221201190514813,0.5685424628172222,0.5309066159157279,-0.03763584690149435,0.7048298811790423,0.743659724196325,0.7403458437197599,0.0902408442390007,0.0258579402752381
60,P,lr,0.5309597271264546,0.56474203440153,0.5560725521096215,-0.008669482291908559,0.6884057891744013,0.7118043456110976,0.7095689391718996,0.1010227328110235,0.0852949947858652
60,F,gb,0.5100307322714193,0.5270159035060504,0.519547204331089,-0.007468699174961402,0.5652313923489679,0.5309862363444359,0.531312364115384,0.0253062993027284,0.00378323677667
60,F,lr,0.510248063268562,0.5549398792857124,0.5503046612537649,-0.004635218031947552,0.5567734671283289,0.5206630019603016,0.5233747582861403,0.0888034637283214,0.0865130745472836
60,B,gb,0.509005897696577,0.4951611707222351,0.4907986037554843,-0.004362566966750803,0.5248273494206972,0.5142412098555094,0.5127761688286357,-0.0013095692228367,-0.0176178749889875
60,B,lr,0.5061121119952608,0.5025851177015728,0.5037904734884245,0.0012053557868517695,0.5372086712888647,0.5091116345214175,0.5046355973420383,-0.0036915164656553,-0.0014536169122908
60,L2,gb,0.5050282841660773,0.4833435626207953,0.5001537316629565,0.016810169042161205,0.529336354964479,0.5206553375666438,0.5064714229641314,-0.0314389067922889,-0.0004485868373924
60,L2,lr,0.5018231853806443,0.4830988273305572,0.4924989173266978,0.009400089996140615,0.5211144271202388,0.501821169424425,0.4990741568877607,-0.0352020223409605,-0.014069621421412
60,PL2,gb,0.5255031153057946,0.5663599049832178,0.5303142527662179,-0.036045652216999846,0.7050614880550536,0.7438785973809234,0.7404360802238654,0.0878396567471692,0.0220045672618257
60,PL2,lr,0.5300282264439822,0.4973753024671218,0.5047201497532902,0.0073448472861683545,0.6870746809355474,0.652674549605035,0.6289334489436729,-0.0139856624544032,0.0032254946987033
60,ALL,gb,0.5190452184875517,0.5864854845916166,0.5747466763361393,-0.011738808255477351,0.70007379814147,0.7298441540963573,0.7220567078163269,0.1134892216533414,0.1011752680363635
60,ALL,lr,0.5237559205444346,0.5104340681119123,0.5171604505492136,0.0067263824373012815,0.6703334127984522,0.6208030288682672,0.586716811196797,0.0096819825320137,0.0309446610630605
120,P,gb,0.5240829685037472,0.6085195526370948,0.518482177530982,-0.09003737510611276,0.725671225141471,0.778497089461101,0.7625976927754163,0.1250532321410259,-0.0216979384167415
120,P,lr,0.5227332214712289,0.5683066099916805,0.5577157300576914,-0.010590879933989106,0.7005020099974381,0.699881091002643,0.6959122917316725,0.0804199839825145,0.061608292459753
120,F,gb,,0.500404499109121,0.5067511886787843,0.006346689569663333,,0.5465972776852486,0.548241413806927,-0.0177810629237918,-0.0108615070185297
120,F,lr,,0.555806238735341,0.5549106518825353,-0.0008955868528056632,,0.5282771136277692,0.5341235049521523,0.0955098601873435,0.0945413697030096
120,B,gb,,0.5072812564458956,0.5123268609540028,0.005045604508107204,,0.5434537025939649,0.5407254113964594,0.0017113505571049,0.0084156842895694
120,B,lr,,0.508984615349216,0.5122330818296809,0.00324846648046484,,0.5124736920139441,0.5124498314325803,-0.0061529288246437,0.0020915910804875
120,L2,gb,0.4966401420182674,0.4916081534885879,0.4929663991592546,0.0013582456706667245,0.5279862849162484,0.4723488311091871,0.473947473916736,-0.0317923003594306,-0.0224127854674879
120,L2,lr,0.4931508802840263,0.4796106018276438,0.4844420054303184,0.004831403602674589,0.5185497931071893,0.5015271740702703,0.5008610473393934,-0.0558126361395499,-0.0425561064921349
120,PL2,gb,0.5261909429713955,0.60729694231008,0.5218602393437017,-0.08543670296637829,0.7257124450950324,0.778497089461101,0.7625976927754163,0.1206803962576092,-0.0153691911555235
120,PL2,lr,0.5198338374828924,0.5009579700281616,0.5009682032304281,1.023320226656299e-05,0.6985552382173179,0.6008965185635968,0.598943760835739,-0.0328879371978685,-0.0253461664169217
120,ALL,gb,0.524221334491772,0.5698689141927522,0.5620734696087062,-0.0077954445840460185,0.7211305333228967,0.7609728969625835,0.7470448234097424,0.0954885858800719,0.0814691982827342
120,ALL,lr,0.5087954844282709,0.5194677439019425,0.5223322533671853,0.0028645094652427483,0.6733879108251775,0.6141002345892286,0.6167939618458003,0.0042695023247048,0.0120749371984226
240,P,gb,0.5244982897469843,0.6074149060729858,0.5315246409310521,-0.07589026514193364,0.7449804560683488,0.8422558399513403,0.823991714615655,0.1169792681894319,0.002583550483327
240,P,lr,0.5282760485514357,0.5440036550128555,0.5332632869829799,-0.010740368029875658,0.7140797508140813,0.7739468010117011,0.7730976443861567,0.0598264817903654,0.0415546354492339
240,F,gb,0.5066885752780907,0.5021719237246474,0.4946909685452255,-0.007480955179421878,0.5657642998682191,0.5470207405934492,0.5556591543303786,0.0419359296674162,0.0278172851747451
240,F,lr,0.4800567575537674,0.5257296450897053,0.5238350941208294,-0.0018945509688759188,0.542737169628295,0.5398558548340309,0.5363254643574851,0.0391549895479351,0.0542565281217975
240,B,gb,0.5196077750411308,0.4974757358146139,0.4948412915854853,-0.0026344442291286185,0.5371717564039107,0.5090137961317943,0.5279239538287701,-0.005392450353892,-0.0047965487435143
240,B,lr,0.4992956889955052,0.5173052907291014,0.5073798456852977,-0.00992544504380366,0.5703949213834804,0.4823128525003387,0.484301835253959,0.0116369692224276,0.002423619262332
240,L2,gb,0.4894507705289817,0.475377783740049,0.4652417623981776,-0.010136021341871415,0.5443037709272753,0.4633839466043568,0.4546616246188282,-0.0517310603958797,-0.0679219997982885
240,L2,lr,0.4867669880698265,0.4898924462292392,0.4916143001354628,0.0017218539062235916,0.539383255904013,0.4913725616036047,0.4918070048485579,-0.0286952278417318,-0.0277655993092573
240,PL2,gb,0.5270925589499644,0.6127833690092779,0.5320307465893415,-0.08075262241993642,0.7444713702614323,0.8420889568408735,0.824790468357691,0.1269234907207267,0.0088475372798813
240,PL2,lr,0.5240243612284804,0.496246110401024,0.4960834297059848,-0.000162680695039219,0.7122609536582832,0.6203815742893282,0.6014025712744568,-0.0147359173791068,-0.0148998031855686
240,ALL,gb,0.5279260355627811,0.5716850808127052,0.5428233826923183,-0.02886169812038686,0.7343901593113067,0.8212863575455033,0.8026208759152138,0.0613068208828823,0.0184611818218425
240,ALL,lr,0.5147739523491441,0.499506298512129,0.4990984803991934,-0.00040781811293560954,0.6934475529470722,0.6220477661625488,0.6110495415606696,-0.0107776495270542,-0.0087473463869641
