H_min,group,model,sim,n_trades_prev,win_rate_prev,gross_bps_prev,net_bps_prev,days_pos_prev,t_daily_prev,n_trades_clean,win_rate_clean,gross_bps_clean,net_bps_clean,days_pos_clean,t_daily_clean
5,P,gb,sequential fixed-hold top10% ev,309,0.5275080906148867,-1.0606192142656714,-4.217862291906961,1/9,-2.3075933719736144,306,0.4967320261437908,-0.9644451562698282,-4.193031653963551,3/9,-2.1082971241788555
5,P,lr,sequential fixed-hold top10% ev,316,0.5379746835443038,0.309615793755281,-2.798456996752528,1/9,-2.339582820970652,328,0.5304878048780488,-0.1111885919918707,-3.2559491584007008,1/9,-2.153962460612155
5,F,gb,sequential fixed-hold top10% ev,412,0.529126213592233,0.1953843533872694,-2.723412031083285,0/9,-3.97772436565666,421,0.5225653206650831,0.1991862410983032,-2.690609179288444,0/9,-2.5856088877249577
5,F,lr,sequential fixed-hold top10% ev,345,0.5101449275362319,0.4032128972370912,-2.585395558721283,1/9,-2.296145977407422,341,0.530791788856305,0.7136607340208553,-2.2700353144297654,1/9,-2.5450515551206863
5,B,gb,sequential fixed-hold top10% ev,307,0.504885993485342,-0.366755526868716,-3.221558597307679,0/9,-2.270497382280888,351,0.49002849002849,-0.2199274934772074,-3.0061924379230174,0/9,-2.240548929412345
5,B,lr,sequential fixed-hold top10% ev,419,0.4916467780429594,-0.3218139129356781,-3.122792758599859,0/9,-2.436932388194245,405,0.4962962962962963,-0.476892491699242,-3.2741421484775306,0/9,-2.646951120870959
5,L2,gb,sequential fixed-hold top10% ev,451,0.4634146341463415,-1.081320436449956,-4.074593531345871,0/9,-2.874269080844494,432,0.474537037037037,-0.6178885860735277,-3.6843901472654728,0/9,-3.0958006837913388
5,L2,lr,sequential fixed-hold top10% ev,530,0.4754716981132075,-0.2769637042807889,-3.1041828745900597,0/9,-3.039333784679872,529,0.4631379962192816,-0.2355281115325083,-2.9867534155141087,0/9,-4.201119963903256
5,PL2,gb,sequential fixed-hold top10% ev,307,0.4788273615635179,-1.288234551152404,-4.491945560463398,1/9,-2.913798821681983,304,0.4934210526315789,-0.5129102721128888,-3.72539026118214,2/9,-2.654693750805923
5,PL2,lr,sequential fixed-hold top10% ev,524,0.5095419847328244,0.2160899455432008,-2.7160782406559254,1/9,-2.846793803197685,544,0.5036764705882353,0.2376523916827254,-2.583842423844425,0/9,-2.82285626950626
5,ALL,gb,sequential fixed-hold top10% ev,282,0.5319148936170213,-0.6139021063849366,-3.647473437372782,2/9,-2.4084384350125028,281,0.5195729537366548,-1.1046166187626734,-4.15558966724703,2/9,-2.3295219528996687
5,ALL,lr,sequential fixed-hold top10% ev,576,0.4739583333333333,-0.5934053217113772,-3.400624921213838,0/9,-3.933663515264092,573,0.4869109947643979,-0.2626032446121674,-3.014027158907673,0/9,-4.451627529046296
15,P,gb,sequential fixed-hold top10% ev,143,0.5244755244755245,0.0195559911124727,-3.068028360228212,5/9,-0.8880308925094874,135,0.4666666666666667,-2.316791909600316,-5.3904636744836045,4/9,-1.4045588799737698
15,P,lr,sequential fixed-hold top10% ev,151,0.543046357615894,0.7955689396478717,-2.4378314943430133,2/9,-0.9834199496999332,152,0.5197368421052632,0.6605712769268631,-2.5392877908428355,3/9,-0.9833677104020292
15,F,gb,sequential fixed-hold top10% ev,174,0.4827586206896552,0.1991139552380289,-2.6587038895028323,1/9,-1.6998951010675063,173,0.4682080924855491,-1.1719215565199874,-4.017493052976319,1/9,-2.597889983632647
15,F,lr,sequential fixed-hold top10% ev,148,0.527027027027027,3.0109956578836345,-0.030619145536307,4/9,-0.0163610162378619,143,0.5034965034965035,2.511162719148356,-0.461642815362363,4/9,-0.3785781761779277
15,B,gb,sequential fixed-hold top10% ev,103,0.4466019417475728,-1.8042780930311344,-4.748063919633857,1/9,-1.4872569701052878,121,0.512396694214876,-0.8038387454607443,-3.82896482940884,3/9,-1.2960353610792017
15,B,lr,sequential fixed-hold top10% ev,173,0.5028901734104047,-1.4197376537040527,-4.248729209150637,2/9,-1.7719250482215712,173,0.4971098265895953,-1.5879845033429758,-4.4075026700037965,1/9,-1.946823136953588
15,L2,gb,sequential fixed-hold top10% ev,267,0.4719101123595505,-1.234851447437652,-4.241594954019905,0/9,-2.5458101128842494,308,0.5,-0.4445506639026942,-3.3030825502622667,0/9,-3.5115814425000105
15,L2,lr,sequential fixed-hold top10% ev,282,0.4680851063829787,0.6127571390196367,-2.1394926574194897,2/9,-1.3837086589094227,273,0.4652014652014652,0.6271320455358281,-2.1385847240424827,2/9,-1.4318335084436635
15,PL2,gb,sequential fixed-hold top10% ev,136,0.5220588235294118,-0.8255987352805547,-4.001958027548348,4/9,-1.0660420445487333,139,0.5035971223021583,-0.5522052533346427,-3.51235013083568,5/9,-0.8394905690902115
15,PL2,lr,sequential fixed-hold top10% ev,317,0.4826498422712933,-0.2946027811984182,-3.100803790232019,2/9,-2.050727738749805,310,0.5064516129032258,0.3940520017323593,-2.3422026557818,2/9,-1.972552606517357
15,ALL,gb,sequential fixed-hold top10% ev,125,0.488,-0.6813230255353631,-3.815538863757058,3/9,-1.9849104177281005,119,0.5210084033613446,-2.212487979676087,-5.338301256781767,1/9,-1.8008942582228242
15,ALL,lr,sequential fixed-hold top10% ev,321,0.4828660436137071,0.0081999023025564,-2.6520010646981613,1/9,-3.0989853840403185,318,0.5,-0.1872600263256608,-2.815627295804396,1/9,-2.459211935848906
30,P,gb,sequential fixed-hold top10% ev,86,0.6162790697674418,2.2516509665243416,-0.8390908469547987,6/9,-0.2241249978718288,93,0.6236559139784946,2.8559910378039897,-0.2290288700765341,6/9,-0.0631727444512842
30,P,lr,sequential fixed-hold top10% ev,87,0.5057471264367817,1.6290677117458174,-1.5839170889553849,4/9,-0.3110242475839457,92,0.5108695652173914,1.9421135732554324,-1.1960268560718268,4/9,-0.2447955847559517
30,F,gb,sequential fixed-hold top10% ev,109,0.4770642201834862,-0.5475249997297424,-3.2957398687387944,0/9,-3.520843000428413,111,0.4864864864864865,-1.7953372129161,-4.625090408998455,2/9,-1.5816523206560864
30,F,lr,sequential fixed-hold top10% ev,99,0.5454545454545454,4.688321625113577,1.7427123289978133,4/9,0.7552819300238709,98,0.5714285714285714,6.012132567285496,3.08745759653269,4/9,1.300176954827482
30,B,gb,sequential fixed-hold top10% ev,52,0.4230769230769231,-3.5790856872264243,-6.652103712165812,2/9,-1.0365073686801272,59,0.4067796610169492,-4.017057374738897,-6.925731624511494,2/9,-1.305050351505436
30,B,lr,sequential fixed-hold top10% ev,123,0.4715447154471545,-5.596081904626151,-8.219712542104757,1/9,-2.750305418745824,112,0.4821428571428571,-3.957319697062621,-6.743807327893861,0/9,-2.738670662022552
30,L2,gb,sequential fixed-hold top10% ev,150,0.5,-2.1980643050328057,-5.2245572622192284,2/9,-2.155500472834308,156,0.4551282051282051,-2.2134602537492705,-5.2665975399984895,1/9,-1.6445525039844051
30,L2,lr,sequential fixed-hold top10% ev,150,0.4466666666666666,-0.7219181601179514,-3.716861002284507,1/9,-2.4574298156515644,146,0.4657534246575342,-0.880165707264164,-3.950651633697645,2/9,-1.2772814084144997
30,PL2,gb,sequential fixed-hold top10% ev,84,0.6071428571428571,4.377472391478593,1.454447805780204,7/9,0.313240837328719,98,0.5714285714285714,0.6132825098904588,-2.6688192346295017,5/9,-0.5540619392770283
30,PL2,lr,sequential fixed-hold top10% ev,175,0.4514285714285714,-3.0335603154131463,-6.052001334448699,2/9,-2.1482881660161333,161,0.453416149068323,-1.6440376367407463,-4.778263376133238,0/9,-2.719533222406948
30,ALL,gb,sequential fixed-hold top10% ev,69,0.4057971014492754,-3.968903920230444,-7.105390612223891,3/9,-1.5402605831593843,71,0.380281690140845,-5.973481697766488,-9.019894760980268,2/9,-1.7865541798776023
30,ALL,lr,sequential fixed-hold top10% ev,174,0.4942528735632184,0.5551270018456061,-2.418889184729956,4/9,-0.8607640257865401,170,0.5352941176470588,2.3295103761963114,-0.6329004243186636,3/9,-0.1945927957502185
60,P,gb,sequential fixed-hold top10% ev,51,0.4901960784313725,-3.7117355751437695,-6.522587680376439,6/9,-0.813665506982651,52,0.4423076923076923,-9.203616161651295,-12.27707956512234,4/9,-1.352501314028827
60,P,lr,sequential fixed-hold top10% ev,60,0.5,-1.4176443967466312,-4.668220467545512,3/9,-0.6182377419253212,63,0.5079365079365079,-3.4186229120425176,-6.656017039515144,3/9,-0.8482457988452204
60,F,gb,sequential fixed-hold top10% ev,59,0.559322033898305,7.3133431330656675,4.403824343665409,4/9,1.143049852200684,56,0.5178571428571429,-4.106798367152616,-7.209358541674561,3/9,-1.475510971121424
60,F,lr,sequential fixed-hold top10% ev,65,0.5076923076923077,2.1013819627723453,-0.7466833788310547,3/9,-0.1790641288622212,61,0.5081967213114754,4.077548648487807,1.343863427901664,5/9,0.2919500972859937
60,B,gb,sequential fixed-hold top10% ev,30,0.4333333333333333,-12.835331617566226,-15.650282500671208,2/9,-1.3817848982834815,29,0.4827586206896552,-12.242227186418193,-15.175614440498698,2/9,-1.1794321881983192
60,B,lr,sequential fixed-hold top10% ev,102,0.4901960784313725,-1.7479920503556368,-4.698226363346052,2/9,-2.018891752179753,90,0.5444444444444444,-0.7876184150064821,-3.6961772189929047,3/9,-1.1327968106140387
60,L2,gb,sequential fixed-hold top10% ev,93,0.4623655913978494,-2.3059815985531777,-5.3665781880705214,3/9,-1.4063278616174943,106,0.4811320754716981,-2.748906697580125,-5.700292284213849,1/9,-1.4206744205896864
60,L2,lr,sequential fixed-hold top10% ev,114,0.5087719298245614,1.0562223277825196,-1.757328608746708,3/9,-0.5410774573031262,115,0.4521739130434782,-0.3769554823983998,-3.3513715468028447,2/9,-1.366016043531777
60,PL2,gb,sequential fixed-hold top10% ev,51,0.5686274509803921,-1.992481505272328,-4.789308586700386,5/9,-0.623326083014341,53,0.490566037735849,-8.638473208071153,-11.650689139950538,3/9,-1.0852407424842676
60,PL2,lr,sequential fixed-hold top10% ev,111,0.4684684684684684,-5.186209046098156,-8.038730564017945,2/9,-1.548647676939891,117,0.4786324786324786,-2.775901329846171,-5.620937508451906,4/9,-1.143914946033471
60,ALL,gb,sequential fixed-hold top10% ev,42,0.6428571428571429,4.827326842484664,1.6472012266010874,4/9,0.3178602115802368,32,0.53125,-8.30402538063213,-11.277337611337886,1/9,-1.4519851771545187
60,ALL,lr,sequential fixed-hold top10% ev,92,0.5434782608695652,-0.5141290255228839,-3.387223937418376,3/9,-1.3381865004358753,102,0.4705882352941176,-1.7548204166881352,-4.258574363722581,3/9,-1.7795717980705266
120,P,gb,sequential fixed-hold top10% ev,30,0.5333333333333333,-13.325515550540956,-16.100322192789452,5/9,-0.9916990849610944,26,0.4230769230769231,-14.19528571808826,-17.597352148859894,2/9,-1.260220909540336
120,P,lr,sequential fixed-hold top10% ev,27,0.5925925925925926,-5.94739102546474,-9.054781745911654,3/9,-0.6559001421370589,25,0.64,-5.941022437691856,-8.694915558596087,3/9,-0.6725624473994787
120,F,gb,sequential fixed-hold top10% ev,36,0.5277777777777778,4.916136132006403,1.983832331109864,4/9,0.1553499062495903,30,0.6,6.703667231035364,3.632128848527403,4/9,0.2496501052505992
120,F,lr,sequential fixed-hold top10% ev,39,0.5897435897435898,3.622128859910881,0.6612700478846105,3/9,0.0617872714452622,40,0.575,3.87546504842895,0.84594993005446,3/9,0.0922119836324893
120,B,gb,sequential fixed-hold top10% ev,24,0.4166666666666667,-16.19689987559273,-19.154528656997854,1/9,-1.24960398067181,23,0.4347826086956521,-18.950043467234927,-21.631720951841874,1/9,-1.6117814364991954
120,B,lr,sequential fixed-hold top10% ev,70,0.5142857142857142,-2.3038850545370946,-5.284429637308875,2/9,-1.0765496220427646,61,0.5409836065573771,0.1164305523943431,-2.710806118967053,3/9,-0.6752604269849795
120,L2,gb,sequential fixed-hold top10% ev,56,0.3392857142857143,-15.61887816865091,-18.46704210961116,1/9,-2.046357395259484,61,0.4754098360655737,-3.307520250588518,-5.965248057019635,2/9,-1.6490714834429878
120,L2,lr,sequential fixed-hold top10% ev,59,0.5084745762711864,-3.9049604947809216,-6.804759021434564,3/9,-0.7425819618973192,57,0.5087719298245614,-4.054713602904644,-7.00276638479005,3/9,-1.038630199149246
120,PL2,gb,sequential fixed-hold top10% ev,29,0.5862068965517241,-16.915299045646897,-19.71212634070369,5/9,-0.9564721116898036,23,0.5217391304347826,-9.455495520958712,-12.892078341522383,4/9,-0.7414903907292635
120,PL2,lr,sequential fixed-hold top10% ev,65,0.4923076923076923,-6.747516878185421,-9.721102554429333,4/9,-1.3458116018068966,66,0.6363636363636364,8.870183778801886,6.071899700012345,6/9,0.6846283583701782
120,ALL,gb,sequential fixed-hold top10% ev,22,0.4545454545454545,-14.237865529603315,-17.111654402768846,3/9,-1.0159485867035989,19,0.4736842105263157,-18.907964376185163,-21.946773767817927,2/9,-1.112681528074217
120,ALL,lr,sequential fixed-hold top10% ev,48,0.5208333333333334,-1.6518958495933174,-4.607089627429784,2/9,-1.3801983559563704,36,0.5277777777777778,-10.368533990413477,-13.30064602532832,1/9,-1.7886429012641567
240,P,gb,sequential fixed-hold top10% ev,18,0.4444444444444444,-12.085633777832388,-15.421067796924152,1/9,-0.5993951196998992,16,0.4375,-22.40754703472403,-25.284514539108216,2/9,-2.2920127499035905
240,P,lr,sequential fixed-hold top10% ev,16,0.5,0.3438150677315121,-3.0525394086570987,3/9,-0.0934138316383956,15,0.5333333333333333,-4.105627784036632,-7.413887593386789,3/9,-0.2120530390221973
240,F,gb,sequential fixed-hold top10% ev,25,0.56,11.168993397189553,7.886801460049599,4/9,0.4651572807965973,23,0.5652173913043478,17.535644710372644,14.956712660771217,5/9,0.9107382764523372
240,F,lr,sequential fixed-hold top10% ev,23,0.391304347826087,-17.975116853089062,-20.76666156114777,3/9,-1.104161692074674,22,0.4545454545454545,-2.948354071694581,-5.980666916686162,3/9,-0.5358607777827797
240,B,gb,sequential fixed-hold top10% ev,12,0.3333333333333333,-35.543717919521704,-38.54714761308188,2/9,-1.258100674347677,14,0.4285714285714285,-29.88270095202036,-32.9295712067683,2/9,-1.3980465407181355
240,B,lr,sequential fixed-hold top10% ev,43,0.5348837209302325,-0.4142540890670498,-3.235825697482657,3/9,-0.4206363521798495,43,0.5348837209302325,-1.4287303753408898,-4.227973267252034,2/9,-0.6176236880043587
240,L2,gb,sequential fixed-hold top10% ev,29,0.4137931034482758,-25.685080668277845,-28.61887678896234,2/9,-2.603809381057812,30,0.4333333333333333,-14.886253111087676,-17.66722732532456,2/9,-1.3035405007970151
240,L2,lr,sequential fixed-hold top10% ev,34,0.5,-11.455202558709235,-14.001403357297129,1/9,-2.6286939764033743,32,0.46875,-5.172293732574328,-7.734229798571663,3/9,-0.8326509508628285
240,PL2,gb,sequential fixed-hold top10% ev,18,0.4444444444444444,-12.437603192279786,-15.785639992438652,1/9,-0.6133239930644492,16,0.3125,-34.34678579514405,-37.75906434444396,1/9,-2.3639009270511693
240,PL2,lr,sequential fixed-hold top10% ev,33,0.5757575757575758,10.954002658825472,8.083827664130837,4/9,1.032814563962036,33,0.5454545454545454,6.659265423032076,3.883323396202037,4/9,0.5516844171072451
240,ALL,lr,sequential fixed-hold top10% ev,25,0.6,-7.93708579417256,-10.682453273009974,2/9,-0.978159809638282,23,0.5652173913043478,-13.154596454080671,-15.980284692376442,2/9,-1.2171496675816045
