H,day,n,up_share,auc_P_gb,day_ret_bps
30,2026-09-25 00:00:00+00:00,880,0.4863636363636364,0.5567674303200727,-53.437844940534085
30,2026-09-26 00:00:00+00:00,1440,0.5444444444444444,0.5465609833872573,40.48540458854122
30,2026-09-27 00:00:00+00:00,1440,0.5645833333333333,0.6409668642140967,9.83272599715847
30,2026-09-28 00:00:00+00:00,1440,0.4486111111111111,0.6077742511561166,-111.61527747495974
30,2026-09-29 00:00:00+00:00,1440,0.5208333333333334,0.5229227053140096,24.340588715667423
30,2026-09-30 00:00:00+00:00,1440,0.4652777777777778,0.5135549525101764,-13.446123417446847
30,2026-10-01 00:00:00+00:00,1440,0.5583333333333333,0.5640058356018649,154.91762812451003
30,2026-10-02 00:00:00+00:00,1440,0.475,0.4967675748012005,-35.784551640690886
30,2026-10-03 00:00:00+00:00,630,0.5333333333333333,0.668782393909945,8.456460085914726
60,2026-09-25 00:00:00+00:00,880,0.4784090909090909,0.6024430886104771,-53.437844940534085
60,2026-09-26 00:00:00+00:00,1440,0.5631944444444444,0.6763774727073487,40.48540458854122
60,2026-09-27 00:00:00+00:00,1440,0.5069444444444444,0.5966554119235963,9.83272599715847
60,2026-09-28 00:00:00+00:00,1440,0.43472222222222223,0.627208751010668,-111.61527747495974
60,2026-09-29 00:00:00+00:00,1440,0.5645833333333333,0.48784210330141575,24.340588715667423
60,2026-09-30 00:00:00+00:00,1440,0.44722222222222224,0.6019587455913107,-13.446123417446847
60,2026-10-01 00:00:00+00:00,1440,0.6125,0.6293919001292274,154.91762812451003
60,2026-10-02 00:00:00+00:00,1440,0.5409722222222222,0.4049578671596892,-35.784551640690886
60,2026-10-03 00:00:00+00:00,600,0.525,0.7618212197159565,9.224874699173498
120,2026-09-25 00:00:00+00:00,880,0.44772727272727275,0.5754292786864699,-53.437844940534085
120,2026-09-26 00:00:00+00:00,1440,0.5118055555555555,0.7806715163353027,40.48540458854122
120,2026-09-27 00:00:00+00:00,1440,0.55,0.4497862498441202,9.83272599715847
120,2026-09-28 00:00:00+00:00,1440,0.36736111111111114,0.6489026164147916,-111.61527747495974
120,2026-09-29 00:00:00+00:00,1440,0.5805555555555556,0.5179960550080801,24.340588715667423
120,2026-09-30 00:00:00+00:00,1440,0.4222222222222222,0.5831550876138665,-13.446123417446847
120,2026-10-01 00:00:00+00:00,1440,0.6236111111111111,0.7697620378208238,154.91762812451003
120,2026-10-02 00:00:00+00:00,1440,0.6201388888888889,0.3109908264769044,-35.784551640690886
120,2026-10-03 00:00:00+00:00,540,0.45185185185185184,0.723069893664156,11.41157778020418
240,2026-09-25 00:00:00+00:00,880,0.4625,0.41722031468331683,-53.437844940534085
240,2026-09-26 00:00:00+00:00,1440,0.6201388888888889,0.4740762501765714,40.48540458854122
240,2026-09-27 00:00:00+00:00,1440,0.55,0.40651012439206885,9.83272599715847
240,2026-09-28 00:00:00+00:00,1440,0.35208333333333336,0.8380233007984678,-111.61527747495974
240,2026-09-29 00:00:00+00:00,1440,0.5805555555555556,0.31242771475648784,24.340588715667423
240,2026-09-30 00:00:00+00:00,1440,0.3763888888888889,0.4774509159345491,-13.446123417446847
240,2026-10-01 00:00:00+00:00,1440,0.69375,0.8278278278278279,154.91762812451003
240,2026-10-02 00:00:00+00:00,1440,0.6222222222222222,0.3667207605698529,-35.784551640690886
240,2026-10-03 00:00:00+00:00,420,0.42142857142857143,0.7029713329148357,7.215050197375989
