H,feature,auc_bitfinex,auc_bybit
30,ret_1,0.48999942653077183,0.48991091565483086
30,ret_5,0.4754059454608421,0.4844116058889525
30,ret_15,0.47727234202598484,0.4789064193549472
30,ret_60,0.4817831764981884,0.4692429741788799
30,ret_240,0.46391509676362264,0.4805774584952372
60,ret_1,0.49436883947047106,0.49109301793309756
60,ret_5,0.4909083328408343,0.48317648281333625
60,ret_15,0.4941804154856809,0.47710485895673826
60,ret_60,0.4765083806244852,0.46764995345090155
60,ret_240,0.4560469421596837,0.4780948595168743
120,ret_1,0.49961463516257276,0.4944884381600006
120,ret_5,0.4935506756502072,0.4894893078955781
120,ret_15,0.4883285484030013,0.4820906399287408
120,ret_60,0.48455619040768083,0.4763488055313012
120,ret_240,0.45074514515540076,0.4762476747725734
240,ret_1,0.49748285270739157,0.4947932286092584
240,ret_5,0.49284096405336536,0.4905662039305412
240,ret_15,0.48534031725340415,0.4862832829652004
240,ret_60,0.468043244287205,0.47899535339360105
240,ret_240,0.45974735061649813,0.4673923421703165
