day,n_touch_med,n3_med,n10_med,medage3_s,exec_btc,exec_orders,sweep_sec_pct,refills,cxl_fresh_btc,cxl_old_btc,wall_add_sec,wall_pull_sec,max10_med_btc
2026-09-24,2.0,14.5,61.0,11.85625,36.910995,4042.0,7.077601596135671,1166.0,1770.675,4.422093,137,135,0.4742
2026-09-25,2.0,12.5,59.0,5.482,897.6808,59459.0,12.810185185185185,20617.0,29263.154,27.173801,370,360,0.47592
2026-09-26,3.0,17.5,64.5,23.838,257.2066,35452.0,6.099537037037037,10711.0,7207.635,67.092606,52,43,0.47616
2026-09-27,1.5,13.5,61.5,14.195,331.54108,43080.0,8.08449074074074,12339.0,8308.539,44.517757,187,178,0.4732
2026-09-28,1.5,9.5,51.0,3.8515,1107.1729,67194.0,14.533564814814815,24015.0,36407.996,23.065157,2623,2669,0.48052
2026-09-29,0.0,11.0,56.5,5.883,359.8871,46779.0,9.737268518518519,12392.0,16045.887,39.87107,461,403,0.4781
2026-09-30,1.5,11.5,55.0,5.877,856.26904,53502.0,11.09375,16414.0,24604.842,19.144106,579,554,0.4208
2026-10-01,1.0,12.0,56.0,6.312,822.2684,55185.0,11.292824074074074,16044.0,15684.893,29.688128,3431,3794,0.4407
2026-10-02,1.5,11.0,55.5,4.1,1297.4536,67919.0,13.913194444444443,23620.0,27727.596,40.98018,10562,12017,0.61556
2026-10-03,4.0,20.5,76.0,40.689247,53.90781,11484.0,4.262626262626262,3585.0,2955.4268,38.376793,2293,2439,0.62072
