H,family,feature,expl_ic_pred_big,conf_ic_pred_big,conf_auc_pred_big,conf_days_same_sign,conf_ic_all,max_abs_corr_with_l2
30,l3,l3_cnt_imb1,0.008566428504652246,0.022186027645066386,0.512007392007392,3,0.015660142449823666,0.21601236380332334
30,l3,l3_cnt_imb3,0.0181131185170386,0.03464798096772985,0.5288200508200508,4,0.04149505873323,0.3595039991122285
30,l3,l3_cnt_imb10,-0.016311364114089243,0.03486873463936085,0.523014553014553,2,0.03486923685537934,0.24679542992942832
30,l3,l3_old_imb3,0.01437755219884692,0.007426957813409415,0.5216604296604297,3,0.016744653047345338,0.3347182861572182
30,l3,l3_old_imb10,0.0003167573093514664,0.02793630864499807,0.5282425502425503,5,0.030443971588199482,0.21730274229778396
30,l3,l3_fresh_imb3,0.019712837109800336,0.002802172725467415,0.5022028182028182,3,0.03139012956411966,0.5789983703063186
30,l3,l3_wall_imb10,0.046765301915256526,-0.005822501567366969,0.5109738969738971,2,0.004947181770579645,0.08361959291588841
30,l3,l3_wall_dist,0.0009897533139852145,0.024970324486032598,0.5065539385539386,3,0.03709239325598868,0.2760047059006135
30,l3,l3_age_diff,0.00349919692580041,-0.00032077607779830875,0.5066033726033726,3,0.00798925502762618,0.4584721215489082
30,l3,l3_old_share3,0.15527187015128727,0.08714139156139922,0.5448043428043428,4,0.03951937212614345,0.3882291165515969
30,l3,l3_fresh_share3,-0.12811178593891495,-0.04434712704365714,0.49220974820974817,3,-0.03794143643226752,0.3494335059445127
30,l3,l3_exec_imb_1,-0.01985199020832522,-0.011613846979405292,0.4913296373296373,3,-0.00402186946047794,0.9464953639187832
30,l3,l3_nexec_imb_1,-0.02772270753508068,0.009272167035709933,0.4950787710787711,3,-0.008963041675254422,0.6390471396947947
30,l3,l3_sweep_imb_1,-0.036803329464071166,0.015190525384171998,0.4998013398013398,3,-0.0023543240887171782,0.6237337721413879
30,l3,l3_cxlfresh_imb_1,0.03403857206452793,0.04513877738388804,0.5312219912219912,3,0.03480563719865941,0.34260661064942854
30,l3,l3_cxlold_imb_1,-0.0017617215659184115,-0.02992434990964351,0.48003880803880794,4,-0.023996006244705232,0.18870383947951005
30,l3,l3_ncxl_imb_1,0.057951842787966286,0.017599299533784078,0.5287027027027027,4,0.003751826427244844,0.22058701519302515
30,l3,l3_nadd_imb_1,-0.021496046662669386,0.015309967431525696,0.4829013629013629,3,0.010652461212497744,0.21501942572764043
30,l3,l3_refill_imb_1,0.02364175297244366,-0.008256548403887214,0.494960960960961,3,0.0036982534571684132,0.41533560241173845
30,l3,l3_bigadd_imb_1,0.015650443088601147,0.04777220194615357,0.5131568491568491,3,0.0366137120406151,0.06501935685655284
30,l3,l3_bigcxl_imb_1,-0.028372683505246105,-0.06121003543937485,0.4812344652344652,4,-0.040633060920075674,0.050472947356301326
30,l3,l3_nexec_tot_1,-0.1672541886594894,-0.05558533764351674,0.4836724416724417,4,0.002695451042796958,0.47406151837441046
30,l3,l3_refill_tot_1,-0.15925795330134862,-0.07658828774489893,0.4657981057981057,4,-0.002491650892314085,0.44449258056324176
30,l3,l3_exec_imb_5,-0.056556168706373526,-0.01650780034967126,0.48675999075999077,1,-0.018925907693869287,0.9239132219691867
30,l3,l3_nexec_imb_5,-0.06880914863229708,0.02651840723977307,0.5098170478170478,3,-0.018506166986245905,0.4578852849373638
30,l3,l3_sweep_imb_5,-0.08067604071152866,0.04816506185411167,0.523036729036729,3,-0.003101387793483795,0.4364121727355531
30,l3,l3_cxlfresh_imb_5,0.030674126672611282,0.06554238469449178,0.5380485100485101,3,0.058516811633678154,0.4252505195537889
30,l3,l3_cxlold_imb_5,-0.0335113550422649,-0.011631246038932534,0.4913776853776854,3,-0.03142511095668672,0.14259919757514414
30,l3,l3_ncxl_imb_5,0.10662859778492594,0.04283257214958424,0.5374432894432895,4,0.0247159394785933,0.2756168065767942
30,l3,l3_nadd_imb_5,-0.05515357161039958,0.00897185211170192,0.4827424347424347,3,0.0005030808493732124,0.16197251271605162
30,l3,l3_refill_imb_5,0.00893897113075617,-0.029349564310196787,0.47331808731808733,2,-0.008931686807817009,0.24348367714638658
30,l3,l3_bigadd_imb_5,0.07917734811268275,0.07056709962454172,0.5213490413490414,4,0.043711660055551604,0.05805697854132312
30,l3,l3_bigcxl_imb_5,-0.0808441533511409,-0.09141807820186813,0.4718170478170478,4,-0.0627975413495712,0.038954589090195134
30,l3,l3_nexec_tot_5,-0.20524638896384315,-0.0662138168738129,0.48411781011781013,4,0.005477481134321483,0.6270435823092664
30,l3,l3_refill_tot_5,-0.1998192215819795,-0.0859984163052742,0.4690219450219451,4,0.0025546319382695505,0.5824300938620298
30,l3,l3_exec_imb_15,-0.14862617139902187,-0.02027914319567363,0.475941787941788,2,-0.06103412512917458,0.911759121492364
30,l3,l3_nexec_imb_15,-0.1464412379629015,0.07917878147142504,0.5314206514206514,3,-0.018164730207344507,0.4518285992430919
30,l3,l3_sweep_imb_15,-0.17001165900948173,0.11301545430602236,0.544009702009702,3,0.005332868079986055,0.41645522029806015
30,l3,l3_cxlfresh_imb_15,-0.04857960837848751,0.10827621309952028,0.5647022407022407,2,0.09141147118460081,0.48029135379933974
30,l3,l3_cxlold_imb_15,0.07307234285157671,0.024095040213951122,0.5175629475629475,2,-0.019696103978660676,0.18671453638883662
30,l3,l3_ncxl_imb_15,0.11675069344358097,0.05964354374563365,0.5467553707553707,4,0.035964786923437575,0.3065355127300525
30,l3,l3_nadd_imb_15,-0.05812187040492088,0.026824635167719723,0.48579856779856784,3,0.005977649235785736,0.15308640372199522
30,l3,l3_refill_imb_15,-0.0047254382536375894,-0.07377178193960651,0.44188218988218986,3,0.005917883736408126,0.2465222923994329
30,l3,l3_bigadd_imb_15,0.10166239728740303,0.029405181138739564,0.5039367059367059,2,0.011259117153561106,0.1513298828383077
30,l3,l3_bigcxl_imb_15,-0.077848779905326,-0.10258246976554579,0.4767941787941788,2,-0.046335101411793124,0.10074222861410065
30,l3,l3_nexec_tot_15,-0.2248905738000465,-0.05649294826156034,0.4964938784938785,3,0.020883566332275793,0.62215593344275
30,l3,l3_refill_tot_15,-0.2240916943701459,-0.0785558314615985,0.4814460614460615,4,0.010482503674627167,0.6004947459534604
30,l2,bimb_end,-0.00661827492690343,0.0443477904388462,0.5238831138831138,1,0.03638026237914937,
30,l2,dimb05_end,0.00571115045499505,0.02591083286906605,0.5006869946869946,3,-0.004511411926670713,
30,l2,dimb1_end,0.01971394018583321,-0.0017679134458358013,0.48658766458766456,4,0.01229370973830352,
30,l2,dimb3_end,0.021581095114205997,0.029015013730858085,0.5182370062370062,4,0.06754990710449188,
30,l2,micro_end,-0.012917255800421659,0.039093822165306796,0.5246329406329406,1,0.03274836270098267,
30,l2,ofi_1,0.009945586392614687,0.09807037875650568,0.5518595518595519,3,0.05281913512860227,
30,l2,ofi_5,0.0172915965049685,0.12258172816344688,0.5657408177408177,3,0.0783375584070498,
30,l2,ofi_15,0.024844425096625274,0.12727345395675474,0.5587729267729267,3,0.06657995324925448,
30,l2,timb_1,-0.02579629249586114,-0.001530437131249215,0.4989567871263092,3,0.0023067674780348824,
30,l2,timb_5,-0.0823448190097404,-0.002208347535387129,0.5052594132594133,2,-0.008404196341774953,
30,l2,timb_15,-0.18232400537158713,0.008414938031180071,0.5000970200970201,2,-0.03415859734364355,
30,l2,netadd_1,0.19527434494996115,0.08446344628211416,0.5343802263802264,3,0.032952394208159416,
30,l2,netadd_5,0.25129851662528335,0.12614761846967093,0.5482485562485562,4,0.04221532225473341,
30,l2,l2_imb3,0.03798462069214183,0.020877613934948636,0.5091152691152692,3,0.017800976852222317,
30,l2,l2_imb10,-0.016632531276992397,0.0236068806924,0.5086144606144606,1,0.052183979439169324,
30,l2,l2_wimb10,0.04057338087025544,0.030149624850559355,0.5145714945714946,3,0.026461423975715815,
30,l2,l2_ofi_30,0.03942420595972447,0.09452878775797728,0.5463996303996304,3,0.05108008944000119,
30,l2,l2_tot_imb,0.067164096845001,-0.11650820662895911,0.439003927003927,2,-0.03036819719625363,
60,l3,l3_cnt_imb1,-0.01541901859402131,0.01737866365931989,0.5034264748510888,2,0.021456630964468544,0.21475143169515482
60,l3,l3_cnt_imb3,0.034960491632791364,-0.00924515967329488,0.48920336066876746,2,0.03240697956862376,0.35953788000535014
60,l3,l3_cnt_imb10,-0.005223523426226909,-0.03422719936645097,0.4759410386841588,3,0.015153116211027062,0.24703809467987561
60,l3,l3_old_imb3,0.030221340370560387,-0.005339651262761438,0.49798841438897345,3,0.015067056822425564,0.3351058290469773
60,l3,l3_old_imb10,0.03344132829543071,0.03678782865563956,0.5204396267170361,4,0.017687653872402224,0.2178366941107363
60,l3,l3_fresh_imb3,0.02404615441211246,-0.024343492768997003,0.4780291837707938,3,0.024964725121549944,0.5802514055838329
60,l3,l3_wall_imb10,0.02991306100003523,-0.0056042947725896365,0.49716437728509577,2,-0.024480260743994592,0.08420897610324753
60,l3,l3_wall_dist,-0.05241951902885115,0.039520804838510476,0.5108258605051289,0,0.07222033068190367,0.2763332161352709
60,l3,l3_age_diff,0.02636307035502786,0.005242209356226153,0.5045374638826291,2,0.012624211777536807,0.4591380808696176
60,l3,l3_old_share3,0.15949411269789207,0.11278444828882785,0.5468409573324107,3,0.02501290555046397,0.3857762205846705
60,l3,l3_fresh_share3,-0.14202423390011773,-0.10368521565124611,0.45982556128030827,3,-0.029859128782820293,0.3475510672991022
60,l3,l3_exec_imb_1,-0.040977007002566554,0.02889166074239934,0.5221975725386421,2,-0.006032133205669358,0.9463055600822431
60,l3,l3_nexec_imb_1,-0.04453533468641058,0.02631661977017785,0.5145135726508514,2,-0.0011440019330163742,0.6385947407296613
60,l3,l3_sweep_imb_1,-0.04705107019349525,0.03079393832595118,0.5171212702093639,3,0.004924373577860035,0.623214015315926
60,l3,l3_cxlfresh_imb_1,0.013742852335382963,0.047548178249149996,0.5256632037627521,4,0.05098130869357237,0.342675874222398
60,l3,l3_cxlold_imb_1,-0.02393817335360257,0.0022849315963162174,0.5046888295634123,4,-0.013929172377809875,0.1884781487061372
60,l3,l3_ncxl_imb_1,0.045643842705547444,0.03995907251592015,0.512412570247702,4,0.017069507051561638,0.22109695229464668
60,l3,l3_nadd_imb_1,-0.0034938088827525457,0.001909991141184757,0.5043335000888324,2,-0.0009053409047514785,0.21512792976922354
60,l3,l3_refill_imb_1,0.014508563957091276,-0.033647374913190656,0.4870357339891344,1,0.009888564197008617,0.4151215428030763
60,l3,l3_bigadd_imb_1,-0.02516733875100665,0.03757261632350026,0.5042288882862833,2,0.0344924491181599,0.06394347376537388
60,l3,l3_bigcxl_imb_1,0.0381287983007724,-0.046321906674554915,0.49541928878000424,2,-0.04055337043502672,0.050451183227692174
60,l3,l3_nexec_tot_1,-0.20357330537738738,-0.08923989677503179,0.47973511590286416,3,0.027914342568969967,0.47323158547644306
60,l3,l3_refill_tot_1,-0.19880743312603147,-0.1319219785268062,0.4518803240978838,3,0.01315126867333067,0.44406227696216544
60,l3,l3_exec_imb_5,-0.1317546836107209,0.038537786336133,0.5274679034625922,2,0.003542845511039183,0.9238260901914356
60,l3,l3_nexec_imb_5,-0.09284825217502793,0.06288471819529787,0.5262984720832593,2,0.013086366755458014,0.45920217532920793
60,l3,l3_sweep_imb_5,-0.0926967922884276,0.06476261646419543,0.5274006947626306,3,0.019317884545185904,0.43755058785102036
60,l3,l3_cxlfresh_imb_5,0.021129230365953214,0.07794528425682377,0.5550655489372843,4,0.07062781603385467,0.42506658440428086
60,l3,l3_cxlold_imb_5,-0.03966431309894752,0.0403264378679695,0.515555599711996,2,0.0065471110694946665,0.14283402106236429
60,l3,l3_ncxl_imb_5,0.0912685001748897,0.08644627334714841,0.5434010407413294,2,0.03451121044306984,0.2759738484853531
60,l3,l3_nadd_imb_5,-0.029716639966412363,-0.02439297262130293,0.4826952208185669,3,-0.012038108062030017,0.16238997793074464
60,l3,l3_refill_imb_5,0.017951169417709693,-0.09405559184212904,0.4620715007059836,2,0.00688719645653569,0.24474830200151174
60,l3,l3_bigadd_imb_5,0.026414736612240485,0.057853906731268105,0.5100555903612205,3,0.03825838720888763,0.058223648191465006
60,l3,l3_bigcxl_imb_5,0.007729012840577457,-0.06284570895178138,0.48787847264430584,3,-0.05488513370194835,0.03939023394992304
60,l3,l3_nexec_tot_5,-0.22523016121722436,-0.11202626821368511,0.47485517986216963,3,0.03844160124725279,0.6256365794814616
60,l3,l3_refill_tot_5,-0.22518216414292092,-0.15778469816788177,0.4463522624201678,3,0.021452767682248637,0.5816709506249165
60,l3,l3_exec_imb_15,-0.22543353476080844,0.06445387454769186,0.5399605397267704,2,0.007408343659723792,0.9118658563655797
60,l3,l3_nexec_imb_15,-0.20167040751139179,0.1327115483571969,0.5488402700504007,1,0.037763407008369936,0.45242441029273484
60,l3,l3_sweep_imb_15,-0.20338587974397723,0.13482124438284984,0.5436985122915946,2,0.04866051097351904,0.4170610292764395
60,l3,l3_cxlfresh_imb_15,-0.006845870062858028,0.11260087649685889,0.5851808907548881,1,0.09427455262047993,0.47971397760264667
60,l3,l3_cxlold_imb_15,-0.03516367580777985,0.04610318235498557,0.506359696286807,3,0.009882075283892467,0.18666460466470022
60,l3,l3_ncxl_imb_15,0.133630474416435,0.12307029908095868,0.585325827777414,2,0.0314609741432442,0.3062265258727104
60,l3,l3_nadd_imb_15,-0.05987147076461653,-0.028844705971885598,0.4549374433109227,2,-0.0017689860055640843,0.15267284905254755
60,l3,l3_refill_imb_15,0.023996142227132214,-0.1480322173288372,0.42457313709172173,2,0.009162893826680877,0.24710075555701327
60,l3,l3_bigadd_imb_15,0.1026990938104354,-0.04258984012166702,0.4769257922444667,1,-0.0023362982669818174,0.15138474704316304
60,l3,l3_bigcxl_imb_15,0.0019891431872514228,-0.016735762208039753,0.4989427779284291,4,-0.03495984705785317,0.10094661063128624
60,l3,l3_nexec_tot_15,-0.2553896233202428,-0.1010872857661391,0.4838634833509439,3,0.04863484843011396,0.620639320304271
60,l3,l3_refill_tot_15,-0.2641618178405065,-0.16108303091190726,0.4493351598515097,3,0.026514141867124443,0.5994274961867827
60,l2,bimb_end,0.0018801378094479397,0.011101462599428522,0.4923037272191728,2,0.031637466886244935,
60,l2,dimb05_end,-0.003987173008737217,0.029990925125010486,0.4950446733306528,2,-0.0020989855400976422,
60,l2,dimb1_end,0.009089766395728154,-0.026565313538263566,0.4760754560840822,1,0.017024770384493196,
60,l2,dimb3_end,0.00035081723687868205,0.020711155568715972,0.49518668823578926,3,0.06286471801245444,
60,l2,micro_end,-0.0037030886671653223,0.011038052072494897,0.49573487745808514,3,0.027555820331306737,
60,l2,ofi_1,0.04623862922446136,0.08239183600925072,0.5432882470100895,3,0.04940894802537205,
60,l2,ofi_5,0.06884011736890269,0.12143319558813284,0.5707105654414033,3,0.0634660938456074,
60,l2,ofi_15,0.09240965027186376,0.06824555251756204,0.5410744508757002,2,0.044121171485526245,
60,l2,timb_1,-0.03884506440463863,0.02631452092712104,0.5201823053790617,2,-0.004525551906288233,
60,l2,timb_5,-0.13782548514866264,0.01933445076528336,0.5200971545589707,2,0.007725696270735879,
60,l2,timb_15,-0.21978065645198314,0.05321652665946324,0.5390628652646737,2,0.014065144546826638,
60,l2,netadd_1,0.23129213864533096,0.18069264001318178,0.5795669188259166,3,0.04171985645094389,
60,l2,netadd_5,0.29121845238038846,0.24584690179129512,0.6085601675658996,3,0.04719279654487009,
60,l2,l2_imb3,0.06054212300330546,0.006371647690231681,0.49023077714296404,2,0.006059177522144823,
60,l2,l2_imb10,-0.020095421581876816,0.04488525065403738,0.5104798818061959,1,0.042163930378354496,
60,l2,l2_wimb10,0.04517010773432934,0.0026456448229924953,0.48279223511590286,2,0.019787687157476464,
60,l2,l2_ofi_30,0.0678604444749772,0.09822763224540344,0.5404572996830087,3,0.0618148812174507,
60,l2,l2_tot_imb,0.014450844656355296,-0.17371191438030165,0.38531390553846445,2,-0.03746686611069133,
