H,train_on,features,model,auc_all,days>0.5_all,auc_pred_big,days>0.5_pred_big,auc_real_big,days>0.5_real_big
30,all,L2(ALL),gb,0.5121054332395549,3/5,0.5197754677754678,3/5,0.5073453937514317,3/5
30,all,L2(ALL),lr,0.5341642999977267,4/5,0.5556054516054516,4/5,0.5391471655888209,3/5
30,all,L2+L3,gb,0.5172696446586705,3/5,0.5256470316470316,3/5,0.5138528046749723,3/5
30,all,L2+L3,lr,0.5465498239010177,5/5,0.5577158697158697,4/5,0.5492649099543605,5/5
30,all,L3only,gb,0.5238800194872945,4/5,0.5380822360822362,4/5,0.50979904381575,3/5
30,all,L3only,lr,0.5430757590128736,4/5,0.5335615615615615,3/5,0.5311349098662532,4/5
30,all,L2+L3placebo,gb,0.5131883655521701,3/5,0.517094479094479,3/5,0.5128876169624135,3/5
30,all,L2+L3placebo,lr,0.5254324478346449,4/5,0.5329332409332409,3/5,0.5287546366455796,3/5
30,pred_big,L2(ALL),gb,0.516822832195268,3/5,0.5342841302841302,4/5,0.5191050998696012,3/5
30,pred_big,L2(ALL),lr,0.5182131930394457,3/5,0.5418156618156619,3/5,0.5185223528167897,4/5
30,pred_big,L2+L3,gb,0.5192225384748644,2/5,0.5624772464772465,2/5,0.5292368863327988,2/5
30,pred_big,L2+L3,lr,0.5233771105029933,3/5,0.5407392007392007,3/5,0.5269696382315107,3/5
30,pred_big,L2+L3placebo,gb,0.5123784199770636,3/5,0.5272099792099791,3/5,0.5150876832631412,3/5
30,pred_big,L2+L3placebo,lr,0.5201438932102534,3/5,0.5367438207438208,3/5,0.5156880517718373,3/5
30,frozen Bybit,Bybit ALL_gb,gb,0.5367123068613933,4/5,0.5200914760914761,2/5,0.5336312368940421,3/5
60,all,L2(ALL),gb,0.528868850744363,4/5,0.6185690040488858,4/5,0.5490141113949759,4/5
60,all,L2(ALL),lr,0.5409382457350634,4/5,0.6172224923557409,4/5,0.5731853594780262,4/5
60,all,L2+L3,gb,0.528749478399079,4/5,0.6208266319441198,4/5,0.553401604631385,4/5
60,all,L2+L3,lr,0.5368705298191521,4/5,0.6200896739384532,4/5,0.5716356993394824,4/5
60,all,L3only,gb,0.48855672515132026,3/5,0.506343332429425,2/5,0.5021169105009455,3/5
60,all,L3only,lr,0.48332762926920336,2/5,0.5269956892924268,2/5,0.4997185311176931,3/5
60,all,L2+L3placebo,gb,0.5293184749677834,4/5,0.6120047595448043,4/5,0.5425754028972607,4/5
60,all,L2+L3placebo,lr,0.5346429094966547,4/5,0.615431818819371,4/5,0.5650966510665629,4/5
60,pred_big,L2(ALL),gb,0.5119510178296207,4/5,0.6041892643744798,4/5,0.5183637601482614,4/5
60,pred_big,L2(ALL),lr,0.5407691639387838,4/5,0.6397414978072431,4/5,0.5665617842884587,4/5
60,pred_big,L2+L3,gb,0.5127836386939959,4/5,0.600706100446032,4/5,0.5194741103254517,4/5
60,pred_big,L2+L3,lr,0.5353677021525137,4/5,0.6354529983262112,4/5,0.5605413977761945,4/5
60,pred_big,L2+L3placebo,gb,0.511667340572237,4/5,0.6042307584414127,4/5,0.5219090030366438,4/5
60,pred_big,L2+L3placebo,lr,0.5267901099788016,2/5,0.6299278587658848,4/5,0.545986380241172,3/5
60,frozen Bybit,Bybit ALL_gb,gb,0.5415625247863066,3/5,0.5690998943362351,3/5,0.5398298593920617,3/5
