H,train_on,features,model,mode,n_trades,win_rate,gross_bps,net_bps,days_pos,t_daily,pass
30,all,L2(ALL),gb,overlapping,401,0.46633416458852867,6.212859145658096,2.9327693734694575,3/5,0.24378165472025767,False
30,all,L2(ALL),gb,one_position,32,0.46875,-0.09952075675578254,-3.49551477580271,2/5,-0.40311793183258066,False
30,all,L2(ALL),lr,overlapping,742,0.5377358490566038,3.5757947040293736,0.41274673298173636,4/5,0.09783495706584916,False
30,all,L2(ALL),lr,one_position,70,0.5571428571428572,2.8249680614519703,-0.3224429057599845,3/5,-0.08671056497901208,False
30,all,L2+L3,gb,overlapping,418,0.5215311004784688,8.159555768621225,4.873584295414337,3/5,0.381371207354826,False
30,all,L2+L3,gb,one_position,35,0.42857142857142855,-1.9339266205904546,-5.37164590270983,2/5,-0.6530467428665578,False
30,all,L2+L3,lr,overlapping,859,0.5518044237485448,4.888488262671333,1.7636887513994253,4/5,0.46555184415525575,False
30,all,L2+L3,lr,one_position,75,0.6933333333333334,8.858059922654284,5.68579257895269,4/5,1.2471767186952243,False
30,frozen,Bybit ALL_gb,gb,overlapping,164,0.4878048780487805,-4.481541330834184,-7.381420866856833,3/5,-0.9525573021957439,False
30,frozen,Bybit ALL_gb,gb,one_position,24,0.4583333333333333,0.664771372611488,-2.40559134106328,2/5,-0.6385760836052027,False
60,all,L2(ALL),gb,overlapping,282,0.6737588652482269,25.60964674948844,22.444814653692323,4/5,0.9166372748284461,False
60,all,L2(ALL),gb,one_position,18,0.5,-0.9934320011642518,-3.977743469169741,2/5,-0.4285438481024838,False
60,all,L2(ALL),lr,overlapping,767,0.6505867014341591,12.916818430369714,9.699592015766958,3/5,0.871993387584342,False
60,all,L2(ALL),lr,one_position,35,0.6,8.391984805128086,5.004476926335315,2/5,0.3745533205342354,False
60,all,L2+L3,gb,overlapping,295,0.6644067796610169,26.093235494907404,22.90556614778974,4/5,0.9235945068375756,False
60,all,L2+L3,gb,one_position,18,0.5,6.0737677280186615,2.7570971121379424,2/5,0.1698589522189801,False
60,all,L2+L3,lr,overlapping,794,0.6372795969773299,12.995493579169827,9.815646671077493,2/5,0.8380947538694267,False
60,all,L2+L3,lr,one_position,37,0.5675675675675675,5.439780075152807,1.9320588394836427,2/5,0.14454576977243347,False
60,frozen,Bybit ALL_gb,gb,overlapping,284,0.6866197183098591,2.7567066982648476,-0.38530349224671184,3/5,-0.017475330605813938,False
60,frozen,Bybit ALL_gb,gb,one_position,14,0.6428571428571429,-0.6280953374394711,-3.5638508265006883,3/5,-0.2870950949180353,False
