H,family,feature,ic_all,auc_all,n_all,ic_pred_big,auc_pred_big,n_pred_big,ic_real_big,auc_real_big,n_real_big
30,l3,l3_cnt_imb1,0.0008073614492663142,0.49870100667114203,5170,0.008566428504652246,0.4982982387796527,1724,0.009538816826838525,0.49781135061796405,3063
30,l3,l3_cnt_imb3,0.02526095002570671,0.5102846834289888,5170,0.0181131185170386,0.49977788257164146,1724,0.03754303092463446,0.5140396762521523,3063
30,l3,l3_cnt_imb10,-0.004154369893693998,0.49864138271255753,5170,-0.016311364114089243,0.48076804789535194,1724,0.003604220450452488,0.5042613212398339,3063
30,l3,l3_old_imb3,0.006932947055357067,0.5119441170702944,5170,0.01437755219884692,0.5060101558922628,1724,0.011832603307936793,0.5205668230941951,3063
30,l3,l3_old_imb10,0.01197541149371292,0.5147100395510585,5170,0.0003167573093514664,0.4894634326369098,1724,0.007415099950715768,0.5078308280198287,3063
30,l3,l3_fresh_imb3,0.034732905728121086,0.5144644277920154,5170,0.019712837109800336,0.5087739801392848,1724,0.04122799285776339,0.5193980937047229,3063
30,l3,l3_wall_imb10,0.03264454231396368,0.5181903259677769,5170,0.046765301915256526,0.5066115815444338,1724,0.04781909584488551,0.523902669273887,3063
30,l3,l3_wall_dist,-0.01114273493109949,0.4902227194547434,5170,0.0009897533139852145,0.4960278569427073,1724,-0.015142317826877064,0.48996005597621095,3063
30,l3,l3_age_diff,0.0016494967938798402,0.5089411968446043,5170,0.00349919692580041,0.5038279375884198,1724,-0.0028276580064981274,0.5060613179992853,3063
30,l3,l3_old_share3,0.07602748574543795,0.5420203593347224,5170,0.15527187015128727,0.5811685427046385,1724,0.09273639440090012,0.5520069654736616,3063
30,l3,l3_fresh_share3,-0.0812597940241795,0.44830175835248515,5170,-0.12811178593891495,0.43562216800278847,1724,-0.08551733162886718,0.44261095254216765,3063
30,l3,l3_exec_imb_1,-0.022239748271015845,0.49933080345980757,5170,-0.01985199020832522,0.5091751583868124,1724,-0.03303629960110293,0.48595797861408563,3063
30,l3,l3_nexec_imb_1,-0.02594575405345375,0.488416173433212,5170,-0.02772270753508068,0.4869128411211121,1724,-0.028057920866892266,0.48166062759190575,3063
30,l3,l3_sweep_imb_1,-0.026374071099456494,0.4877784367706645,5170,-0.036803329464071166,0.4801105803074105,1724,-0.028643417955981375,0.4795171753332861,3063
30,l3,l3_cxlfresh_imb_1,0.0008300883611003695,0.4988072961148998,5170,0.03403857206452793,0.5144266978314505,1724,-0.0019435361801728502,0.4992209892030041,3063
30,l3,l3_cxlold_imb_1,0.0030056901174638755,0.49976120454777995,5170,-0.0017617215659184115,0.5010750483532554,1724,0.010681973706631969,0.5021944056194522,3063
30,l3,l3_ncxl_imb_1,-0.003227124802751963,0.4998648723350675,5170,0.057951842787966286,0.5338158407315523,1724,-0.016667490019437608,0.5046120253342669,3063
30,l3,l3_nadd_imb_1,0.023351780099365102,0.5107049724134325,5170,-0.021496046662669386,0.4849916962253706,1724,0.038428115920430175,0.5079768658950181,3063
30,l3,l3_refill_imb_1,0.037645094856810814,0.5151650093053823,5170,0.02364175297244366,0.5073565292272364,1724,0.05161318307476519,0.5254685790450786,3063
30,l3,l3_bigadd_imb_1,-0.041660902824027964,0.49400404693873673,5170,0.015650443088601147,0.5039789774397037,1724,-0.050203630572206386,0.4897364154928916,3063
30,l3,l3_bigcxl_imb_1,0.04247540014599635,0.5054167916947122,5170,-0.028372683505246105,0.4928922422925252,1724,0.042921318495953396,0.5069921229088868,3063
30,l3,l3_nexec_tot_1,-0.09817376670405921,0.44500094304728466,5170,-0.1672541886594894,0.41465769995694335,1724,-0.1282703574245892,0.4247725859832634,3063
30,l3,l3_refill_tot_1,-0.09385072121347363,0.44325439550669055,5170,-0.15925795330134862,0.4168952767583157,1724,-0.11125215844276876,0.42944260007964924,3063
30,l3,l3_exec_imb_5,-0.06839092893465673,0.47103122033314815,5170,-0.056556168706373526,0.48934041375351117,1724,-0.08002727407570498,0.44968835304240595,3063
30,l3,l3_nexec_imb_5,-0.07208673462965762,0.45919376722896454,5170,-0.06880914863229708,0.4757167558553571,1724,-0.07344612297052835,0.45259525293759983,3063
30,l3,l3_sweep_imb_5,-0.06977890414237582,0.4610663789935506,5170,-0.08067604071152866,0.4678736186004552,1724,-0.07269127527295828,0.4510276376145811,3063
30,l3,l3_cxlfresh_imb_5,0.006904285566102279,0.5125335403493155,5170,0.030674126672611282,0.524396694892666,1724,-0.00013525664933709033,0.5132615182310699,3063
30,l3,l3_cxlold_imb_5,0.004179793556449552,0.49697348486607607,5170,-0.0335113550422649,0.47667972033707173,1724,0.009949065105523848,0.5000645977754488,3063
30,l3,l3_ncxl_imb_5,0.012074169210234693,0.5165947109354085,5170,0.10662859778492594,0.568693061051538,1724,-0.013765641738664224,0.5146069854286179,3063
30,l3,l3_nadd_imb_5,0.020230405005614134,0.4987265490956109,5170,-0.05515357161039958,0.4547598056301642,1724,0.04940667687522666,0.5041410798360283,3063
30,l3,l3_refill_imb_5,0.06387572226703855,0.5260694523239786,5170,0.00893897113075617,0.48423239633950477,1724,0.07692331319795281,0.541283308361212,3063
30,l3,l3_bigadd_imb_5,-0.009177333420649088,0.5014177169147328,5170,0.07917734811268275,0.5222691516481114,1724,0.0022361751058632244,0.5019317506380896,3063
30,l3,l3_bigcxl_imb_5,0.0004378097607443857,0.49828086749563943,5170,-0.0808441533511409,0.48115077331036976,1724,-0.018335609649771063,0.49198603835274385,3063
30,l3,l3_nexec_tot_5,-0.10883743706253428,0.43772989118327943,5170,-0.20524638896384315,0.4020468975321045,1724,-0.14794487167859055,0.40781407097312816,3063
30,l3,l3_refill_tot_5,-0.09981822916337854,0.4379582749140884,5170,-0.1998192215819795,0.4013169854906061,1724,-0.12426352058861825,0.4153901321887944,3063
30,l3,l3_exec_imb_15,-0.1354357404227077,0.4375722921771718,5170,-0.14862617139902187,0.4429281228001831,1724,-0.1718645997313359,0.4075872325801332,3063
30,l3,l3_nexec_imb_15,-0.12398105671112557,0.4374232322807108,5170,-0.1464412379629015,0.4599976763099803,1724,-0.14812432788726762,0.41868461873668067,3063
30,l3,l3_sweep_imb_15,-0.12159544857307233,0.44050794818827804,5170,-0.17001165900948173,0.44710666420628903,1724,-0.156287101303867,0.4128620779931794,3063
30,l3,l3_cxlfresh_imb_15,0.006187908353814083,0.5174610560421766,5170,-0.04857960837848751,0.4895235752021268,1724,-0.012717626033341218,0.517510047832201,3063
30,l3,l3_cxlold_imb_15,0.005228265209999006,0.5066226038621644,5170,0.07307234285157671,0.5360472665887547,1724,0.006377067164234383,0.5099949600943512,3063
30,l3,l3_ncxl_imb_15,-0.0004827035013711652,0.5037258981757615,5170,0.11675069344358097,0.570180222664179,1724,-0.021816268440384153,0.5049637953985917,3063
30,l3,l3_nadd_imb_15,0.040622022008426115,0.5154952631161848,5170,-0.05812187040492088,0.4553489293939953,1724,0.07006419001413727,0.5208299044635144,3063
30,l3,l3_refill_imb_15,0.10099556825555284,0.5525470591081665,5170,-0.0047254382536375894,0.4653640333791237,1724,0.11095958328668391,0.5603658749779344,3063
30,l3,l3_bigadd_imb_15,0.007643372624799012,0.5046066249408815,5170,0.10166239728740303,0.5248573322671697,1724,0.023615405825742446,0.5082299271473536,3063
30,l3,l3_bigcxl_imb_15,0.015605149655047123,0.5103968154214522,5170,-0.077848779905326,0.4906642336265282,1724,-0.010553542161924152,0.4988536559782577,3063
30,l3,l3_nexec_tot_15,-0.10217228921022269,0.44503105464445925,5170,-0.2248905738000465,0.4057689021931533,1724,-0.15415804915613002,0.40699625887206736,3063
30,l3,l3_refill_tot_15,-0.08881094638384719,0.4495991786874609,5170,-0.2240916943701459,0.40409379506420906,1724,-0.12894708875922703,0.4193318756550385,3063
30,l2,bimb_end,0.012632778380849873,0.5017842993937681,5170,-0.00661827492690343,0.4866592855336628,1724,0.021091537579130386,0.5119049649466461,3063
30,l2,dimb05_end,0.020576287571873384,0.5062039627760735,5170,0.00571115045499505,0.5040234009253755,1724,0.02968435062653434,0.5164447175222425,3063
30,l2,dimb1_end,0.016673515288969036,0.5026321430963021,5170,0.01971394018583321,0.5074563112104374,1724,0.024277740624048808,0.5110229814580933,3063
30,l2,dimb3_end,0.019792964180152032,0.5108057938308378,5170,0.021581095114205997,0.5114537414826509,1724,0.026030761515312553,0.5218903313119702,3063
30,l2,micro_end,0.00482001939460713,0.4978224521356688,5170,-0.012917255800421659,0.48063751119130116,1724,0.012275866566942219,0.5078216606787584,3063
30,l2,ofi_1,-0.00822085569644839,0.5032817895696724,5170,0.009945586392614687,0.5100622612237645,1724,-0.009078121559235394,0.4990551242878255,3063
30,l2,ofi_5,-0.00100973313691917,0.5051167992900254,5170,0.0172915965049685,0.512148114735612,1724,-0.006413061746095334,0.49488760839847834,3063
30,l2,ofi_15,0.026871399318200366,0.5152196146644377,5170,0.024844425096625274,0.5157347986249223,1724,0.035838421193337994,0.5147700788220777,3063
30,l2,timb_1,-0.024092113498927724,0.4976318730564214,5170,-0.02579629249586114,0.5033941369508194,1724,-0.033464024731596625,0.4881053643066131,3063
30,l2,timb_5,-0.08360326333307673,0.4624071690169942,5170,-0.0823448190097404,0.4745713133632679,1724,-0.1019932877002129,0.4400707462897852,3063
30,l2,timb_15,-0.1661102988786874,0.423801854305112,5170,-0.18232400537158713,0.42475823372220967,1724,-0.2064463509783112,0.39252848911133076,3063
30,l2,netadd_1,0.09690889657495802,0.5588899696771723,5170,0.19527434494996115,0.6034841681531448,1724,0.11782745353037102,0.5750361790181309,3063
30,l2,netadd_5,0.10647250919454516,0.5623250886981289,5170,0.25129851662528335,0.625560590217265,1724,0.13468020083994406,0.5798731239995872,3063
30,l2,l2_imb3,0.020056540328077972,0.5089135570949589,5170,0.03798462069214183,0.5191260191772771,1724,0.029630874943103954,0.5218617633188674,3063
30,l2,l2_imb10,0.024221319802447277,0.5152864294521982,5170,-0.016632531276992397,0.49182266144519854,1724,0.02955590148008161,0.5275408245149197,3063
30,l2,l2_wimb10,0.03209499554685615,0.51510051655621,5170,0.04057338087025544,0.5159794695152373,1724,0.03795858505009068,0.5224787466922954,3063
30,l2,l2_ofi_30,0.012131767483276578,0.5130885824763388,5170,0.03942420595972447,0.5272944730349441,1724,0.007985582854247287,0.5087251767591274,3063
30,l2,l2_tot_imb,-0.03701545023428608,0.4948778075880926,5170,0.067164096845001,0.5500392976988635,1724,-0.05157332434347466,0.4962631359469778,3063
60,l3,l3_cnt_imb1,-0.004631579333145136,0.501680671632752,5140,-0.01541901859402131,0.5022398867804003,1715,-0.0018537988238807536,0.5009412583280858,3208
60,l3,l3_cnt_imb3,0.037072709831366575,0.518926765382752,5140,0.034960491632791364,0.5278113538993578,1715,0.049480521150412064,0.5284546493458031,3208
60,l3,l3_cnt_imb10,0.009712472049769025,0.5122090752180233,5140,-0.005223523426226909,0.5177848662400739,1715,0.010087218438546123,0.5246350024488653,3208
60,l3,l3_old_imb3,0.00827066973960784,0.5033221293604652,5140,0.030221340370560387,0.5108414925603268,1715,0.01101911960581044,0.5058819413671665,3208
60,l3,l3_old_imb10,0.03721239388272714,0.5183365128391473,5140,0.03344132829543071,0.5121665638732557,1715,0.036304524072872275,0.5139855478072938,3208
60,l3,l3_fresh_imb3,0.044242566773191376,0.5200796390503877,5140,0.02404615441211246,0.5057924545965176,1715,0.05702411280726477,0.5330973870995328,3208
60,l3,l3_wall_imb10,0.008768851096167407,0.5104722323158914,5140,0.02991306100003523,0.5084976651210944,1715,0.007405058515050859,0.5012555293824972,3208
60,l3,l3_wall_dist,-0.019814090481451725,0.49499015867248064,5140,-0.05241951902885115,0.4723868905360309,1715,-0.012650424584749163,0.5015313182669807,3208
60,l3,l3_age_diff,0.009890436216710315,0.5028383902616279,5140,0.02636307035502786,0.5063383151425708,1715,0.006092778423241043,0.4988311526770374,3208
60,l3,l3_old_share3,0.06790758650987923,0.5366257873062016,5140,0.15949411269789207,0.5798938841591683,1715,0.08873433049735696,0.5506015268481159,3208
60,l3,l3_fresh_share3,-0.08302790346542252,0.4569346535852713,5140,-0.14202423390011773,0.4306282145885877,1715,-0.09644700912225786,0.44276923914141997,3208
60,l3,l3_exec_imb_1,-0.034329875933813654,0.4894030856346899,5140,-0.040977007002566554,0.4935123131821536,1715,-0.04613057194476407,0.4832730834713249,3208
60,l3,l3_nexec_imb_1,-0.03865548737320824,0.4829135628633721,5140,-0.04453533468641058,0.4832235646552199,1715,-0.04617574521983435,0.47666017522992127,3208
60,l3,l3_sweep_imb_1,-0.03565520820752115,0.4844867369186046,5140,-0.04705107019349525,0.4823762073636794,1715,-0.04469856033910629,0.47641975884506843,3208
60,l3,l3_cxlfresh_imb_1,-0.0035619201649442064,0.5024762294089147,5140,0.013742852335382963,0.5166139850435587,1715,-0.011893923453759909,0.5028546773328357,3208
60,l3,l3_cxlold_imb_1,-0.009851524873231295,0.497109147892442,5140,-0.02393817335360257,0.4936375926517395,1715,-0.015468236140338489,0.49778824700111174,3208
60,l3,l3_ncxl_imb_1,-0.027010659680304357,0.4842505450581395,5140,0.045643842705547444,0.5012603665319338,1715,-0.03578124034472278,0.4698202610568214,3208
60,l3,l3_nadd_imb_1,0.04451065877603982,0.5239116248788759,5140,-0.0034938088827525457,0.5161865204797516,1715,0.05665930378116759,0.5393899993003242,3208
60,l3,l3_refill_imb_1,0.026145864801410082,0.5071407158430232,5140,0.014508563957091276,0.5048432216923466,1715,0.041201222282740035,0.5213904502025173,3208
60,l3,l3_bigadd_imb_1,-0.05704913805559531,0.4883318949854651,5140,-0.02516733875100665,0.49560971177461816,1715,-0.08661896927743892,0.48247623045766574,3208
60,l3,l3_bigcxl_imb_1,0.06492264500825688,0.5118721990067829,5140,0.0381287983007724,0.5064312422216593,1715,0.08892599425903666,0.5160525067829683,3208
60,l3,l3_nexec_tot_1,-0.1012143364298717,0.444510734617248,5140,-0.20357330537738738,0.3959898179455269,1715,-0.13149952727098738,0.4296458474240269,3208
60,l3,l3_refill_tot_1,-0.10856601643038188,0.443228636749031,5140,-0.19880743312603147,0.4000366201526482,1715,-0.14356668406446274,0.4309451065450785,3208
60,l3,l3_exec_imb_5,-0.09166186236719934,0.4623834181201551,5140,-0.1317546836107209,0.44558603257816887,1715,-0.12338600120161523,0.44918876476121616,3208
60,l3,l3_nexec_imb_5,-0.08273357896244783,0.46594113372093027,5140,-0.09284825217502793,0.4696706664317103,1715,-0.10814428942589556,0.45393548211550877,3208
60,l3,l3_sweep_imb_5,-0.07402166317397782,0.4702990249515504,5140,-0.0926967922884276,0.4719325803715982,1715,-0.10276968223924457,0.4551770179816685,3208
60,l3,l3_cxlfresh_imb_5,0.002552697413811055,0.5130218931686047,5140,0.021129230365953214,0.5309357688029339,1715,-0.018184938531977873,0.5122252800646812,3208
60,l3,l3_cxlold_imb_5,-0.012175372298539393,0.49742111797480615,5140,-0.03966431309894752,0.4801142934237915,1715,-0.02468021096620132,0.49085854109818006,3208
60,l3,l3_ncxl_imb_5,-0.021417271612495254,0.48775398195251934,5140,0.0912685001748897,0.5173023337775478,1715,-0.032290226703050866,0.4749028228032123,3208
60,l3,l3_nadd_imb_5,0.05328286907445937,0.5280299176356589,5140,-0.029716639966412363,0.5084226351090895,1715,0.06781404644044987,0.5404554500859047,3208
60,l3,l3_refill_imb_5,0.06287821390129325,0.5255465721899224,5140,0.017951169417709693,0.497119260548256,1715,0.07594363953367204,0.5369939983363263,3208
60,l3,l3_bigadd_imb_5,-0.03979713587309728,0.49006767805232554,5140,0.026414736612240485,0.5155174455103142,1715,-0.053087000109457244,0.4855608290381012,3208
60,l3,l3_bigcxl_imb_5,0.040188489363117925,0.5091590964147287,5140,0.007729012840577457,0.4944016597464674,1715,0.05497684974999097,0.5132162931175224,3208
60,l3,l3_nexec_tot_5,-0.11407990505544018,0.4313679445251938,5140,-0.22523016121722436,0.37824556428075823,1715,-0.15026532887878308,0.41060475313104927,3208
60,l3,l3_refill_tot_5,-0.12387390614150712,0.4297541939195736,5140,-0.22518216414292092,0.3816852429045013,1715,-0.1613933095910674,0.4165525806376379,3208
60,l3,l3_exec_imb_15,-0.14427665521034858,0.4317019440406977,5140,-0.22543353476080844,0.3964131524169301,1715,-0.19136917157756295,0.411201809828113,3208
60,l3,l3_nexec_imb_15,-0.14189000997028506,0.448093507751938,5140,-0.20167040751139179,0.4248839444034495,1715,-0.18696392421396074,0.4164048712985206,3208
60,l3,l3_sweep_imb_15,-0.1313304478428798,0.45431625484496124,5140,-0.20338587974397723,0.43114860623148343,1715,-0.1852358342550048,0.4174660462874423,3208
60,l3,l3_cxlfresh_imb_15,0.0038854665625206375,0.5170724321705427,5140,-0.006845870062858028,0.5098833111226142,1715,-0.027534377885951672,0.5186902846125739,3208
60,l3,l3_cxlold_imb_15,0.003725709857021238,0.5001283157703489,5140,-0.03516367580777985,0.493175022302499,1715,-0.008915760062044895,0.4980370206248883,3208
60,l3,l3_ncxl_imb_15,-0.01764194978517216,0.4795481316618217,5140,0.133630474416435,0.5266370309591726,1715,-0.02386769021799539,0.46595746748450995,3208
60,l3,l3_nadd_imb_15,0.0648703841641491,0.5431175811531008,5140,-0.05987147076461653,0.5066769827196934,1715,0.07511356978515235,0.5561379061035054,3208
60,l3,l3_refill_imb_15,0.08390840677950409,0.5376326308139534,5140,0.023996142227132214,0.5084074914369417,1715,0.10149232379414741,0.5612641975884507,3208
60,l3,l3_bigadd_imb_15,-0.03316455206527465,0.48764777131782944,5140,0.1026990938104354,0.5550947443197463,1715,-0.04486138872140616,0.4823512605825967,3208
60,l3,l3_bigcxl_imb_15,0.056950370497947926,0.5223710029069768,5140,0.0019891431872514228,0.4957205359207903,1715,0.05741291271819215,0.5223801027746033,3208
60,l3,l3_nexec_tot_15,-0.13707108691450548,0.42281204578488374,5140,-0.2553896233202428,0.3630516426754188,1715,-0.17722978181135923,0.3924355326476511,3208
60,l3,l3_refill_tot_15,-0.14331071284575922,0.4197170239825581,5140,-0.2641618178405065,0.3622476513541196,1715,-0.18226571407407394,0.40087070768321786,3208
60,l2,bimb_end,0.012250377981187478,0.5055418029312015,5140,0.0018801378094479397,0.4936981673403307,1715,0.010984743071680275,0.5034760283290964,3208
60,l2,dimb05_end,0.01774442595797133,0.5070315528100775,5140,-0.003987173008737217,0.49674204544203004,1715,0.03518092909063628,0.5189567444861658,3208
60,l2,dimb1_end,0.01439721115728526,0.5018689437984496,5140,0.009089766395728154,0.4993054561274051,1715,0.027197185959298372,0.5114540818309739,3208
60,l2,dimb3_end,0.016180088687535163,0.5102283187984495,5140,0.00035081723687868205,0.4993901230216858,1715,0.02263539621909816,0.5126307033296794,3208
60,l2,micro_end,0.01426793797357398,0.509534656613372,5140,-0.0037030886671653223,0.49670969305153256,1715,0.008619518218597319,0.5042462547908358,3208
60,l2,ofi_1,0.0025783959816261795,0.5062307715600776,5140,0.04623862922446136,0.527678502593698,1715,-0.017733530386695114,0.49303433853425693,3208
60,l2,ofi_5,0.01334463031802741,0.5142715903585271,5140,0.06884011736890269,0.5482091919336542,1715,-0.015126741304310616,0.4998876631605135,3208
60,l2,ofi_15,0.04918272716884726,0.5278009932170543,5140,0.09240965027186376,0.5602029802746786,1715,0.02559639298091482,0.5145353763867186,3208
60,l2,timb_1,-0.03508263225135928,0.487558874757979,5140,-0.03884506440463863,0.49488160995498814,1715,-0.04668632348038346,0.48152924157883864,3208
60,l2,timb_5,-0.09524650127838037,0.4540681019864341,5140,-0.13782548514866264,0.43989614194301574,1715,-0.12063007869512962,0.44508399996890324,3208
60,l2,timb_15,-0.15489233087740828,0.41995669815891473,5140,-0.21978065645198314,0.4022475962862209,1715,-0.18551262959128267,0.40789389804945936,3208
60,l2,netadd_1,0.09534649604295484,0.5497156613372093,5140,0.23129213864533096,0.6142397325902839,1715,0.12608147710004547,0.5723274327339444,3208
60,l2,netadd_5,0.10643037976583333,0.5541418362403101,5140,0.29121845238038846,0.6499540183045696,1715,0.1386765853332097,0.5790882446688591,3208
60,l2,l2_imb3,0.031349595772025396,0.511163699127907,5140,0.06054212300330546,0.5281011487163673,1715,0.04809454868413664,0.527544682075083,3208
60,l2,l2_imb10,0.01729850715199417,0.5087498485949613,5140,-0.020095421581876816,0.48755740828441474,1715,0.02881186780230121,0.5174289245982695,3208
60,l2,l2_wimb10,0.03409678847648107,0.5143469900678295,5140,0.04517010773432934,0.5174592772888972,1715,0.04622027929754329,0.5220456188632601,3208
60,l2,l2_ofi_30,0.013789345483421553,0.510153070494186,5140,0.0678604444749772,0.5358987631749947,1715,0.008371369008383795,0.5071083175906275,3208
60,l2,l2_tot_imb,-0.07336231178861168,0.4719964268410852,5140,0.014450844656355296,0.5114045618247299,1715,-0.068222658651873,0.48108270945573,3208
