condition,k,exit,session,cell,n_arm,trigger_rate,n_trades,d_mean_bps,wait_mean_min,hold_mean_min,p_target,p_stop,p_cap,long_share,gross_bps,net_bps,total_net_bps,folds_pos,t_trade_days,t_all_days,max_dd_bps,pass
expansion_top3,1.0,2to1,all,PRIMARY,620,0.5854838709677419,363,32.862503347634124,27.65564738292011,84.4297520661157,0.29201101928374656,0.5647382920110193,0.14325068870523416,0.5151515151515151,2.6204898509696495,-12.37951014903035,-4493.762184098017,0/9,-4.937980459693144,-4.701080436360731,-4366.353447779219,False
expansion_top3,1.0,2to1,US_13-17utc,secondary,145,0.6206896551724138,90,41.3272125754169,31.122222222222224,93.05555555555556,0.36666666666666664,0.4444444444444444,0.18888888888888888,0.5111111111111111,10.059311063521333,-4.940688936478664,-444.6620042830798,3/9,-0.6722466729737988,-0.6796702768659096,-762.1888667559042,False
expansion_top3,1.0,2to1,other_hours,secondary,503,0.6003976143141153,302,30.315525894148873,27.874172185430464,85.13576158940397,0.2947019867549669,0.5794701986754967,0.12582781456953643,0.4966887417218543,2.960289555017883,-12.039710444982116,-3635.9925543845993,0/9,-5.258532480774423,-4.956565716728638,-3570.313010264269,False
expansion_top3,1.0,1to1,all,secondary,735,0.6108843537414966,449,33.16061022249131,27.184855233853007,50.73273942093541,0.5077951002227171,0.45434298440979953,0.0378619153674833,0.5501113585746102,2.28087902852553,-12.719120971474469,-5710.885316192037,0/9,-6.53949130772855,-6.844234222399336,-5620.91802840449,False
expansion_top3,1.0,1to1,US_13-17utc,secondary,174,0.6494252873563219,113,42.36548288360019,29.097345132743364,48.823008849557525,0.5309734513274337,0.40707964601769914,0.061946902654867256,0.5309734513274337,3.657904531591273,-11.342095468408731,-1281.6567879301865,1/9,-2.768893537288098,-2.6285259938403587,-1439.4566978846565,False
expansion_top3,1.0,1to1,other_hours,secondary,610,0.6114754098360655,373,30.80745142734696,27.394101876675602,48.49597855227882,0.49865951742627346,0.4745308310991957,0.02680965147453083,0.5308310991957105,0.9604109850530193,-14.039589014946982,-5236.766702575224,0/9,-7.3758414255822355,-6.636425077925002,-5259.854093084938,False
expansion_top3,1.0,trail,all,secondary,727,0.594222833562586,432,33.02159997470284,28.189814814814813,44.9837962962963,0.0,0.9814814814814815,0.018518518518518517,0.5115740740740741,2.3081592607561827,-12.691840739243817,-5482.875199353329,0/9,-6.190279999016946,-5.287807601401256,-5309.628000038576,False
expansion_top3,1.0,trail,US_13-17utc,secondary,172,0.6395348837209303,110,43.3485913823713,29.818181818181817,44.763636363636365,0.0,0.9636363636363636,0.03636363636363636,0.5,5.214376634142529,-9.785623365857472,-1076.418570244322,2/9,-1.278495092751218,-1.44430294412663,-1198.137543349709,False
expansion_top3,1.0,trail,other_hours,secondary,591,0.5905245346869712,349,30.478376391594963,28.578796561604584,44.578796561604584,0.0,0.9914040114613181,0.008595988538681949,0.4899713467048711,-0.7275732516978681,-15.72757325169787,-5488.923064842556,0/9,-8.412641151887287,-7.229815600989319,-5372.123403831004,False
expansion_top3,0.5,2to1,all,secondary,1085,0.9631336405529954,1045,17.025122258994067,14.801913875598085,29.976076555023923,0.34832535885167465,0.6449760765550239,0.0066985645933014355,0.509090909090909,1.0169821509837222,-13.983017849016278,-14612.25365222201,0/9,-15.12360807241157,-15.06034880019665,-14430.638916078524,False
expansion_top3,0.5,2to1,US_13-17utc,secondary,273,0.9560439560439561,261,22.029397388362764,14.46360153256705,27.452107279693486,0.36015325670498083,0.6283524904214559,0.011494252873563218,0.5363984674329502,1.6510738560693958,-13.348926143930607,-3484.069723565888,0/9,-5.246245988450492,-5.775551128156658,-3557.8487178725304,False
expansion_top3,0.5,2to1,other_hours,secondary,853,0.9660023446658851,824,15.394585883707293,15.131067961165048,30.819174757281555,0.3483009708737864,0.6468446601941747,0.0048543689320388345,0.5,0.8824823797856023,-14.117517620214397,-11632.834519056663,0/9,-15.50288968637286,-13.242297248974541,-11537.732046954581,False
expansion_top3,0.5,1to1,all,secondary,1417,0.9625970359915315,1364,17.127617022188577,14.747800586510264,15.690615835777127,0.49560117302052786,0.5043988269794721,0.0,0.4970674486803519,-0.525111892428599,-15.525111892428598,-21176.252621272608,0/9,-30.275752691993294,-23.294368794512412,-20826.00263637639,False
expansion_top3,0.5,1to1,US_13-17utc,secondary,340,0.9705882352941176,330,22.632081215511167,14.3,13.93030303030303,0.5060606060606061,0.49393939393939396,0.0,0.5060606060606061,-0.33650844436639005,-15.336508444366391,-5061.047786640909,0/9,-9.926988616055608,-11.30332573727472,-5049.04383645182,False
expansion_top3,0.5,1to1,other_hours,secondary,1117,0.9668755595344674,1080,15.45963436042007,15.276851851851852,16.275,0.4935185185185185,0.5064814814814815,0.0,0.487962962962963,-0.3812107189456155,-15.381210718945615,-16611.707576461264,0/9,-29.1153842854817,-19.020728458150174,-16423.386899227513,False
expansion_top3,0.5,trail,all,secondary,1376,0.9571220930232558,1317,16.93637689090954,15.478359908883826,15.844343204252088,0.0,1.0,0.0,0.5223993925588458,0.9278575027813509,-14.072142497218648,-18533.01166883696,0/9,-21.51615122773093,-17.200253687609436,-18156.911804524385,False
expansion_top3,0.5,trail,US_13-17utc,secondary,332,0.9487951807228916,315,22.478529828391892,14.65079365079365,13.431746031746032,0.0,1.0,0.0,0.5365079365079365,1.7765661616672945,-13.223433838332708,-4165.381659074803,0/9,-8.172339763403546,-7.7403122980595285,-4021.1952684865673,False
expansion_top3,0.5,trail,other_hours,secondary,1075,0.9590697674418605,1031,15.269153535813123,15.923375363724539,16.687681862269642,0.0,1.0,0.0,0.5169738118331717,0.8543155920127592,-14.145684407987241,-14584.200624634846,0/9,-22.578608515846437,-15.447912304697265,-14410.699003154035,False
level_top3,1.0,2to1,all,secondary,509,0.6424361493123772,327,42.22534487569843,25.29051987767584,95.62079510703364,0.23547400611620795,0.5840978593272171,0.18042813455657492,0.5107033639143731,-1.3801426239921382,-16.38014262399214,-5356.306638045429,0/9,-5.249644175405862,-5.097883384624144,-5057.490229381028,False
level_top3,1.0,2to1,US_13-17utc,secondary,164,0.6280487804878049,103,50.24325926908593,28.349514563106798,87.28155339805825,0.2524271844660194,0.5631067961165048,0.18446601941747573,0.4563106796116505,0.9265090445393911,-14.07349095546061,-1449.5695684124428,2/9,-1.2019741695287474,-1.718778760503971,-1504.9960874089577,False
level_top3,1.0,2to1,other_hours,secondary,413,0.6416464891041163,265,38.735018782262465,24.973584905660378,98.32830188679246,0.24528301886792453,0.569811320754717,0.18490566037735848,0.49056603773584906,0.3296102529025323,-14.670389747097465,-3887.6532829808284,0/9,-4.857281498498579,-4.152215617701358,-3903.7183659412262,False
level_top3,1.0,1to1,all,secondary,649,0.6425269645608629,417,42.21101179276809,24.74580335731415,54.87290167865707,0.5155875299760192,0.4460431654676259,0.03836930455635491,0.4892086330935252,3.469252622380322,-11.530747377619678,-4808.321656467406,0/9,-5.36907755340457,-4.498798632905243,-4977.106986895223,False
level_top3,1.0,1to1,US_13-17utc,secondary,203,0.645320197044335,131,51.35265659862031,26.603053435114504,49.85496183206107,0.48091603053435117,0.45038167938931295,0.06870229007633588,0.48091603053435117,2.0509805347044456,-12.949019465295555,-1696.3215499537177,1/9,-3.122492216158761,-2.7534037397206923,-1691.5968815582366,False
level_top3,1.0,1to1,other_hours,secondary,509,0.6385068762278978,325,38.789576130636654,24.858461538461537,59.550769230769234,0.5076923076923077,0.4553846153846154,0.036923076923076927,0.4707692307692308,2.470003418179746,-12.529996581820255,-4072.248889091583,0/9,-5.463834998384269,-4.60945335972795,-4339.426034509417,False
level_top3,1.0,trail,all,secondary,687,0.6215429403202329,427,41.78630187612378,25.461358313817332,44.557377049180324,0.0,0.9789227166276346,0.02107728337236534,0.522248243559719,-2.5138052438051943,-17.513805243805194,-7478.394839104818,0/9,-7.221622530636298,-6.574539404359231,-7411.315689313927,False
level_top3,1.0,trail,US_13-17utc,secondary,203,0.6699507389162561,136,50.47605138118002,27.470588235294116,40.654411764705884,0.0,0.9632352941176471,0.03676470588235294,0.5,-1.0602114457012115,-16.06021144570121,-2184.1887566153646,0/9,-3.207977478586468,-3.624101824770116,-2199.364756183652,False
level_top3,1.0,trail,other_hours,secondary,532,0.6165413533834586,328,38.49270552760612,25.664634146341463,44.8109756097561,0.0,0.9878048780487805,0.012195121951219513,0.5030487804878049,-5.129967794882078,-20.129967794882077,-6602.629436721321,0/9,-7.726381512961725,-6.97335850143644,-6484.014406314097,False
level_top3,0.5,2to1,all,secondary,1097,0.9690063810391978,1063,21.43882002846615,12.693320790216369,28.45719661335842,0.32079021636876764,0.6735653809971778,0.005644402634054563,0.5061147695202258,-0.5203231224943131,-15.520323122494313,-16498.103479211455,0/9,-12.56521867870856,-7.595953615267253,-16278.647094415432,False
level_top3,0.5,2to1,US_13-17utc,secondary,339,0.9705014749262537,329,25.720544769809795,13.349544072948328,24.592705167173253,0.3100303951367781,0.6869300911854104,0.00303951367781155,0.5106382978723404,-1.398294871812532,-16.39829487181253,-5395.0390128263225,0/9,-7.16219081472374,-6.293974704538227,-5442.577171952927,False
level_top3,0.5,2to1,other_hours,secondary,834,0.9652278177458034,805,19.531373444239872,12.988819875776397,29.144099378881986,0.3242236024844721,0.6708074534161491,0.004968944099378882,0.5080745341614907,-0.5798977137512028,-15.579897713751203,-12541.817659569719,0/9,-13.539765053273536,-7.489557700738764,-12413.567019535865,False
level_top3,0.5,1to1,all,secondary,1469,0.966643975493533,1420,21.467490256309503,13.030985915492957,13.58943661971831,0.4647887323943662,0.5352112676056338,0.0,0.4852112676056338,-1.5805600168530758,-16.580560016853074,-23544.395223931366,0/9,-24.49809307599798,-9.788820674689832,-23000.25848154368,False
level_top3,0.5,1to1,US_13-17utc,secondary,438,0.9680365296803652,424,26.061758144167573,13.089622641509434,13.73820754716981,0.4716981132075472,0.5283018867924528,0.0,0.49292452830188677,-1.252690156597671,-16.25269015659767,-6891.140626397412,0/9,-12.471412222512022,-9.02628707852312,-6886.219896476643,False
level_top3,0.5,1to1,other_hours,secondary,1100,0.9645454545454546,1061,19.676165445182704,13.397737983034872,13.491988689915175,0.4599434495758718,0.5400565504241281,0.0,0.4816211121583412,-1.8053920133273118,-16.80539201332731,-17830.520926140278,0/9,-22.721846708292112,-8.603237148275149,-17301.348953843986,False
level_top3,0.5,trail,all,secondary,1422,0.9655414908579466,1373,21.287630936944687,13.81427530954115,13.43918426802622,0.0,1.0,0.0,0.5105608157319738,-0.798339175956007,-15.798339175956007,-21691.119688587598,0/9,-21.615690588233836,-9.136794230427364,-21237.34361702969,False
level_top3,0.5,trail,US_13-17utc,secondary,425,0.971764705882353,413,25.52221768455949,14.331719128329297,13.077481840193705,0.0,1.0,0.0,0.5205811138014528,0.25823918620307845,-14.74176081379692,-6088.347216098128,0/9,-11.212813658559316,-8.478428916519531,-5889.673036334318,False
level_top3,0.5,trail,other_hours,secondary,1045,0.9626794258373206,1006,19.51756097583871,13.887673956262425,13.610337972166999,0.0,1.0,0.0,0.5029821073558648,-1.4436357225686087,-16.443635722568605,-16542.297536904018,0/9,-19.237372796621656,-7.646330910510161,-16335.415503620387,False
unconditional,1.0,2to1,all,secondary,974,0.6180698151950719,602,32.43380933070141,27.470099667774086,86.82558139534883,0.260797342192691,0.6229235880398671,0.11627906976744186,0.5049833887043189,-3.005453459575477,-18.005453459575477,-10839.282982664437,0/9,-9.587756068177045,-8.290345515321102,-10711.048132383468,False
unconditional,1.0,2to1,US_13-17utc,secondary,214,0.6401869158878505,137,42.60870818236221,28.05839416058394,91.16788321167883,0.29927007299270075,0.5401459854014599,0.16058394160583941,0.48905109489051096,2.3549680533014907,-12.64503194669851,-1732.3693766976958,2/9,-1.245349018521654,-1.9795710281911723,-1830.2130871976804,False
unconditional,1.0,2to1,other_hours,secondary,890,0.6033707865168539,537,29.978011214755867,26.93854748603352,81.30353817504655,0.25884543761638734,0.6480446927374302,0.0931098696461825,0.46368715083798884,-3.570373289036965,-18.570373289036965,-9972.29045621285,0/9,-10.885893225600622,-8.994900821126897,-9841.425881669447,False
unconditional,1.0,1to1,all,secondary,1278,0.6236306729264476,797,32.91290612152145,27.372647427854453,50.410288582183185,0.49560853199498117,0.479297365119197,0.025094102885821833,0.49560853199498117,0.22213826666434572,-14.777861733335655,-11777.955801468517,0/9,-10.416731744226277,-9.08398508066359,-11815.58530954998,False
unconditional,1.0,1to1,US_13-17utc,secondary,268,0.6455223880597015,173,43.55011858989253,27.07514450867052,49.190751445086704,0.49710982658959535,0.4508670520231214,0.05202312138728324,0.5144508670520231,2.010333664269768,-12.989666335730236,-2247.212276081331,0/9,-3.721366793566144,-3.5819796950936618,-2251.397149953046,False
unconditional,1.0,1to1,other_hours,secondary,1089,0.6134067952249771,668,30.290440038686764,27.073353293413174,52.122754491017965,0.47904191616766467,0.49101796407185627,0.029940119760479042,0.4880239520958084,-0.8194411004487262,-15.819441100448728,-10567.38665509975,0/9,-14.250804938170525,-10.70374341590148,-10536.499677845204,False
unconditional,1.0,trail,all,secondary,1379,0.608411892675852,839,32.10489520262472,27.31466030989273,42.2300357568534,0.0,0.9892729439809297,0.010727056019070322,0.5089392133492253,-0.16804690279815565,-15.168046902798155,-12725.991351447652,0/9,-14.566786742533713,-12.379476877325722,-12483.381877133757,False
unconditional,1.0,trail,US_13-17utc,secondary,272,0.6580882352941176,179,43.40275157636012,27.6536312849162,42.93854748603352,0.0,0.9720670391061452,0.027932960893854747,0.5251396648044693,-0.3859436164389884,-15.385943616438992,-2754.0839073425796,0/9,-3.577308770718906,-4.56244078912084,-2769.2599069108664,False
unconditional,1.0,trail,other_hours,secondary,1175,0.5982978723404255,703,29.745707300775084,28.007112375533428,42.28165007112376,0.0,0.9957325746799431,0.004267425320056899,0.4822190611664296,-1.2665212571243334,-16.26652125712433,-11435.364443758406,0/9,-17.076317618082435,-14.101736834605962,-11289.573606794336,False
unconditional,0.5,2to1,all,secondary,2067,0.9661344944363812,1997,16.722495384666715,13.776164246369554,29.204807210816224,0.33400100150225337,0.6614922383575363,0.004506760140210316,0.5052578868302454,0.02407227586618476,-14.975927724133816,-29906.92766509523,0/9,-26.116869269574227,-13.996117322251115,-29464.19016550582,False
unconditional,0.5,2to1,US_13-17utc,secondary,433,0.9630484988452656,417,22.298492649622986,13.510791366906474,26.239808153477217,0.328537170263789,0.6642685851318945,0.007194244604316547,0.5371702637889688,-0.35873215657671265,-15.358732156576712,-6404.591309292489,0/9,-8.302866987223991,-8.06877518519247,-6452.1294684190925,False
unconditional,0.5,2to1,other_hours,secondary,1773,0.9661590524534687,1713,15.306319902174609,13.985989492119089,28.848803269118505,0.3333333333333333,0.663164039696439,0.0035026269702276708,0.5102159953298308,-0.03647526952874432,-15.036475269528745,-25757.48213670274,0/9,-26.005496768736077,-14.16324071496895,-25344.518238112527,False
unconditional,0.5,1to1,all,secondary,2959,0.9702602230483272,2871,16.464445396013488,14.074190177638453,15.13549285963079,0.49703935910832464,0.5026123301985371,0.00034831069313827936,0.4893765238592825,-0.4745782333746839,-15.474578233374684,-44427.51410801872,0/9,-45.73242808276818,-19.589277452090045,-43834.213843869875,False
unconditional,0.5,1to1,US_13-17utc,secondary,569,0.961335676625659,547,22.54557490051826,13.80255941499086,13.981718464351005,0.49177330895795246,0.5082266910420475,0.0,0.5155393053016454,-0.664820262985725,-15.664820262985723,-8568.65668385319,0/9,-15.558082991472466,-13.540850700511697,-8563.73595393242,False
unconditional,0.5,1to1,other_hours,secondary,2492,0.9723113964686998,2423,15.162846075778127,14.283945522080066,15.268262484523317,0.4973173751547668,0.5022699133305819,0.0004127115146512588,0.4824597606273215,-0.44333688114559827,-15.443336881145598,-37419.205263015785,0/9,-44.55811686197855,-18.284103915505884,-36665.69684010336,False
unconditional,0.5,trail,all,secondary,2909,0.9594362323822619,2791,16.396068536209988,15.087782156932999,14.351128627731995,0.0,1.0,0.0,0.505553565030455,0.1617325447517862,-14.838267455248213,-41413.60446759776,0/9,-39.562756148512044,-17.466457971963987,-40836.06779279095,False
unconditional,0.5,trail,US_13-17utc,secondary,560,0.9589285714285715,537,22.054580555422554,14.778398510242086,13.07635009310987,0.0,1.0,0.0,0.5232774674115456,0.41319165210272973,-14.58680834789727,-7833.116082820834,0/9,-14.458906926767797,-12.36494157898896,-7634.441903057023,False
unconditional,0.5,trail,other_hours,secondary,2424,0.9612211221122112,2330,15.098140329988338,15.301716738197426,14.751931330472104,0.0,1.0,0.0,0.49871244635193135,0.04208138763999804,-14.957918612360002,-34851.9503667988,0/9,-37.82725404494909,-15.005959179385819,-34521.30773026626,False
