H_min,role,model,auc_P,auc_PL2,delta_auc,folds_improved,info_pass,net_mixed_top10,t_daily,folds_pos,trade_pass
5,diagnostic,gb,0.5285748343688882,0.5395002769851867,0.010925442616298464,9/9,False,-7.544976049610217,-37.56475280074715,0/9,False
5,diagnostic,lr,0.5272738710200853,0.536296894955897,0.00902302393581178,9/9,False,-7.483449015222043,-36.35898442502357,0/9,False
15,diagnostic,gb,0.5297892332510066,0.533220467303452,0.0034312340524453866,7/9,False,-7.250559393961318,-11.833573935881422,0/9,False
15,diagnostic,lr,0.5298374812518449,0.5323850304390667,0.002547549187221776,7/9,False,-7.24085181117161,-14.691059526335826,0/9,False
30,secondary,gb,0.5268853315707104,0.5273567111815133,0.00047137961080290225,5/9,False,-6.51300385772183,-4.513784088953541,1/9,False
30,secondary,lr,0.5295118114403928,0.531455010700849,0.0019431992604561632,4/9,False,-6.744979001885431,-8.272597151365568,0/9,False
60,PRIMARY,gb,0.5221201190514813,0.5255031153057946,0.003382996254313375,9/9,False,-7.231538638672527,-1.568074269934472,1/9,False
60,PRIMARY,lr,0.5309597271264546,0.5300282264439822,-0.0009315006824723859,4/9,False,-7.258881532762527,-3.2944796220104555,0/9,False
120,secondary,gb,0.5240829685037472,0.5261909429713955,0.0021079744676482104,6/9,False,-5.879076366244321,-1.0907276759842133,3/9,False
120,secondary,lr,0.5227332214712289,0.5198338374828924,-0.002899383988336557,2/9,False,-8.772613528672153,-1.5027200381953398,1/9,False
240,secondary,gb,0.5244982897469843,0.5270925589499644,0.002594269202980115,4/9,False,-0.5890525886245417,0.09981315792511014,5/9,False
240,secondary,lr,0.5282760485514357,0.5240243612284804,-0.004251687322955333,4/9,False,-8.67378073997653,0.11810073215314829,1/9,False
