family,condition,k,target_r,stop_s,session,n_arm,n_all,p_target_all,p_stop_all,gross_all,net_all,folds_pos_all,t_all,n_expl,net_expl,t_expl,n_conf,net_conf,t_conf,folds_pos_conf
F1_range_fade,expansion_top3,0.75,0.5,2.0,all,859,668,0.718562874251497,0.26646706586826346,-4.538525936001993,-10.08643012761876,0/9,-7.983108265592938,341,-10.601754314587202,-4.866472427625172,327,-9.54904313142231,-6.031822307076919,0/4
F1_range_fade,expansion_top3,0.75,0.5,3.0,all,758,576,0.7517361111111112,0.1857638888888889,-6.325141222022626,-11.690592610911514,0/9,-6.640229726670178,290,-12.738883465263731,-4.890322958383305,286,-10.627640346008919,-4.124141983373323,0/4
F1_range_fade,expansion_top3,0.75,1.0,2.0,all,693,526,0.5741444866920152,0.3669201520912547,-3.3755540607889616,-9.717759383982878,0/9,-4.615966340438683,275,-9.535750052757805,-3.321434817852956,251,-9.917171997874888,-3.2850103049795076,0/4
F1_range_fade,expansion_top3,0.75,1.0,3.0,all,609,453,0.6026490066225165,0.25386313465783666,-6.540079420690203,-12.725509884266362,0/9,-5.189122286698679,238,-13.662466367114193,-3.210422498659398,215,-11.68832084743946,-3.861631427896947,0/4
F1_range_fade,expansion_top3,1.0,0.5,2.0,all,721,418,0.7105263157894737,0.23444976076555024,-5.025951897115231,-10.618057160273127,1/9,-4.6243263425642125,219,-10.778168330825759,-3.2507338880781185,199,-10.441854414790578,-3.0377938282808064,0/4
F1_range_fade,expansion_top3,1.0,0.5,3.0,all,655,379,0.7440633245382586,0.14775725593667546,-4.713854515417176,-10.121506230456756,1/9,-4.039637592666863,201,-11.206079362294968,-2.927214934682142,178,-8.896791626527085,-2.5997169631684303,0/4
F1_range_fade,expansion_top3,1.0,1.0,2.0,all,613,353,0.5325779036827195,0.31728045325779036,-5.103210454686399,-11.674031984431437,0/9,-4.233593198308649,186,-13.115179384561484,-2.8351125416403486,167,-10.06892170644229,-2.7383103774528235,0/4
F1_range_fade,expansion_top3,1.0,1.0,3.0,all,535,320,0.575,0.1875,-4.903307357542298,-11.240807357542298,0/9,-3.2865642890317637,166,-15.64725369306601,-2.777543388314927,154,-6.491001567302455,-1.5205800472574336,0/4
F1_range_fade,expansion_top3,1.5,0.5,2.0,all,672,215,0.6883720930232559,0.18604651162790697,-4.6822764350312545,-10.396229923403345,1/9,-2.781999982045247,115,-6.736795968817604,-1.1655403854317559,100,-14.604578971176954,-2.4909068918950523,0/4
F1_range_fade,expansion_top3,1.5,0.5,3.0,all,659,206,0.7184466019417476,0.10194174757281553,-6.219054340731565,-11.767598030051952,2/9,-2.52210193584901,110,-10.146107644602477,-1.282292512139702,96,-13.62555576337948,-2.074183146454803,0/4
F1_range_fade,expansion_top3,1.5,1.0,2.0,all,581,181,0.49171270718232046,0.23756906077348067,-3.421005983717573,-10.216586094214811,1/9,-1.5642764326489678,94,-12.039733809929054,-1.1233788968375842,87,-8.24674833240862,-0.8613951307062366,0/4
F1_range_fade,expansion_top3,1.5,1.0,3.0,all,565,169,0.4970414201183432,0.1242603550295858,-6.073934550860596,-12.840206740209709,4/9,-1.8187700839521848,86,-15.841533502610956,-1.4851383921294359,83,-9.730398287601187,-0.895442996694767,2/4
F1_range_fade,expansion_top3,1.0,0.5,2.0,US_13-17,176,110,0.7181818181818181,0.23636363636363636,-3.7427655368034762,-9.292765536803476,1/9,-1.9175808293489673,55,-7.010007103025287,-0.9411968458946732,55,-11.575523970581667,-1.6949163578678814,0/4
F1_range_fade,expansion_top3,1.0,0.5,2.0,other,575,327,0.7155963302752294,0.2324159021406728,-4.567317336707317,-10.131537520193557,0/9,-4.639773471071632,176,-10.804065331892708,-3.0400561501168215,151,-9.347664044305805,-3.3487661458155387,0/4
F1_range_fade,expansion_top3,1.0,1.0,2.0,US_13-17,144,88,0.4431818181818182,0.375,-10.51398785666667,-17.57648785666667,1/9,-2.231523168189129,45,-12.576014267561606,-0.9688524710543299,43,-22.809541612706855,-2.1759218481932754,0/4
F1_range_fade,expansion_top3,1.0,1.0,2.0,other,490,284,0.5528169014084507,0.3204225352112676,-5.453065315379053,-11.912572357632575,0/9,-4.56825613824013,154,-14.436199986057607,-2.978405136172847,130,-8.923044243959845,-3.186181868884182,0/4
F2_reversal,expansion_top3,,0.5,1.5,cap60,389,319,0.5956112852664577,0.16614420062695925,-2.6907874855439946,-8.914925416578479,1/9,-3.8193750655466383,164,-4.883730419068251,-1.7342152494539278,155,-13.18018980104091,-4.4025281204377205,0/4
F2_reversal,expansion_top3,,0.5,1.5,cap120,387,317,0.6750788643533123,0.22397476340694006,-3.319929720905151,-9.106995966961934,2/9,-3.6971753050193783,162,-5.945673520687276,-1.896150598388352,155,-12.41108781403609,-3.650347479759282,0/4
F2_reversal,expansion_top3,,0.5,2.0,cap60,362,296,0.6182432432432432,0.0777027027027027,-2.112237925024881,-8.211900087187043,1/9,-3.163512987119513,155,-3.5265035211986184,-1.349981138544287,141,-13.362513333486374,-3.604533940892031,0/4
F2_reversal,expansion_top3,,0.5,2.0,cap120,349,283,0.6996466431095406,0.13074204946996468,-2.7465373390490906,-8.398480801946617,2/9,-3.2174351556961445,149,-4.705755784109141,-1.7342363110992287,134,-12.504570560586796,-2.932410926768602,0/4
F2_reversal,expansion_top3,,1.0,1.5,cap60,328,264,0.32196969696969696,0.19696969696969696,-2.6070162093705114,-10.336182876037176,0/9,-3.48519597709611,136,-8.27824204957552,-2.0484738683943404,128,-12.522745004152691,-3.1775230316651424,0/4
F2_reversal,expansion_top3,,1.0,1.5,cap120,322,259,0.42857142857142855,0.28185328185328185,-2.4840479695330933,-9.626905112390236,0/9,-2.7493863044815843,135,-7.779996131421112,-1.6148349072107968,124,-11.63765279328404,-2.4070904539832694,0/4
F2_reversal,expansion_top3,,1.0,2.0,cap60,303,247,0.32388663967611336,0.09716599190283401,-2.0264933143946764,-9.745116796176053,1/9,-2.999310624775949,126,-6.917234838555361,-1.9139128784739254,121,-12.689853380144706,-2.4796017881294783,0/4
F2_reversal,expansion_top3,,1.0,2.0,cap120,286,230,0.4608695652173913,0.16956521739130434,-0.6712461911855643,-7.636463582489911,2/9,-2.200423268677281,120,-4.781249937888338,-1.3958436370712197,110,-10.751242103873448,-1.7617176423309102,0/4
F1_range_fade,level_top3,0.75,0.5,2.0,all,794,628,0.7372611464968153,0.24203821656050956,-4.562529731172652,-10.007593425440168,0/9,-5.081867339741378,356,-8.742186037288231,-3.237210322499884,272,-11.663788389344909,-3.5776102338277007,0/4
F1_range_fade,level_top3,0.75,0.5,3.0,all,699,545,0.8128440366972477,0.13577981651376148,-2.150807225093872,-7.180165023259009,0/9,-3.2562687135742103,311,-4.9725621721019335,-1.9342808520274821,234,-10.114201291249822,-2.4659382931773237,0/4
F1_range_fade,level_top3,0.75,1.0,2.0,all,606,493,0.5983772819472617,0.3367139959432049,-3.128726876377739,-9.3376518256678,1/9,-3.5107057405191875,281,-7.764467200655461,-2.7038679415258366,212,-11.422863522028493,-2.3306667085767176,0/4
F1_range_fade,level_top3,0.75,1.0,3.0,all,529,427,0.667447306791569,0.19437939110070257,-1.9426389258503767,-7.771678738496748,1/9,-2.406444147988312,249,-6.486147601540419,-1.9390947937274925,178,-9.569977913227792,-1.4249279758222488,0/4
F1_range_fade,level_top3,1.0,0.5,2.0,all,668,399,0.7669172932330827,0.18045112781954886,-0.1685240802777835,-5.450478967495829,3/9,-1.7692205985448528,223,-4.013069909619076,-0.959030756036976,176,-7.271741580601031,-1.3644298709261362,1/4
F1_range_fade,level_top3,1.0,0.5,3.0,all,596,352,0.7954545454545454,0.09943181818181818,0.5886534436551762,-4.536346556344824,2/9,-1.446966326325468,196,0.39353290457204865,0.4451078839156106,156,-10.730297673907048,-1.970659010683628,0/4
F1_range_fade,level_top3,1.0,1.0,2.0,all,500,312,0.5608974358974359,0.266025641025641,-3.656714448974278,-10.071778551538381,1/9,-2.1767049742628144,181,-7.7405456686453,-1.1906151786701926,131,-13.292794977520424,-1.5989122003272713,0/4
F1_range_fade,level_top3,1.0,1.0,3.0,all,448,275,0.5854545454545454,0.14181818181818182,-1.5804771649587845,-7.860477164958785,1/9,-2.1803668402477383,157,-1.4898962771722608,-0.4687266568608549,118,-16.33658902413238,-2.2032435160253794,0/4
F1_range_fade,level_top3,1.5,0.5,2.0,all,610,181,0.7292817679558011,0.14917127071823205,0.0005774595223878606,-5.488372816720706,3/9,-1.2357936976876978,99,0.03198134731333063,0.25746946149296673,82,-12.153190648908138,-1.6723863670887507,1/4
F1_range_fade,level_top3,1.5,0.5,3.0,all,583,171,0.7309941520467836,0.07602339181286549,-4.982898937742597,-10.462431101485286,2/9,-1.582530064073158,94,-5.2870928570928575,-0.24638135182025647,77,-16.780376490743578,-1.687229785855381,1/4
F1_range_fade,level_top3,1.5,1.0,2.0,all,502,157,0.535031847133758,0.16560509554140126,6.259622585594387,-0.2977022551699451,4/9,-0.6363866087453439,92,3.0469427598330725,-0.12462185349699434,65,-5.031661353328067,-0.5196842284274297,1/4
F1_range_fade,level_top3,1.5,1.0,3.0,all,484,149,0.5503355704697986,0.0738255033557047,5.016343418206461,-1.456810944209649,4/9,-0.44457758076624604,86,-0.683056613804158,-0.07085993390161335,63,-2.5130470142869847,-0.32443639374252536,2/4
F1_range_fade,level_top3,1.0,0.5,2.0,US_13-17,205,129,0.7674418604651163,0.18604651162790697,-1.3895263261070638,-6.668596093548925,2/9,-1.4740616499966,74,-6.965931583160126,-1.3773164680273389,55,-6.26854470752658,-0.6720493011160644,1/4
F1_range_fade,level_top3,1.0,0.5,2.0,other,511,308,0.762987012987013,0.18506493506493507,-0.7784151357838361,-6.081986564355265,2/9,-2.1876382143636244,176,-3.8274521513974027,-1.1561452604799944,132,-9.08803244829908,-1.7421924838703637,1/4
F1_range_fade,level_top3,1.0,1.0,2.0,US_13-17,163,103,0.5631067961165048,0.23300970873786409,1.270055741654352,-5.13285687970487,3/9,-1.5811389385048527,60,3.250292292200027,-0.6082143578043159,43,-16.830274328874495,-1.5599764940887832,1/4
F1_range_fade,level_top3,1.0,1.0,2.0,other,418,256,0.55859375,0.2734375,-3.0863238835226676,-9.514058258522667,0/9,-1.6530067526678232,143,-10.976233197826955,-1.2474182130882538,113,-7.66369528223494,-0.8245502413827049,0/4
F2_reversal,level_top3,,0.5,1.5,cap60,649,533,0.6210131332082551,0.16322701688555347,-0.9176558860860208,-7.002083653440618,1/9,-2.77387704461063,292,-6.772196849904596,-1.782134768237652,241,-7.280618701708329,-2.108166609178351,0/4
F2_reversal,level_top3,,0.5,1.5,cap120,638,522,0.6934865900383141,0.21455938697318008,-1.3338808215539957,-7.019704576343267,1/9,-2.15650496651059,288,-7.835715136838331,-2.0840149611093857,234,-6.01538388650319,-0.9654951978368563,0/4
F2_reversal,level_top3,,0.5,2.0,cap60,600,491,0.639511201629328,0.0814663951120163,-0.14905415536974273,-6.131742546408439,1/9,-2.124918986150719,264,-6.32973346487183,-1.3310507149439172,227,-5.901479980442205,-1.674262246999801,0/4
F2_reversal,level_top3,,0.5,2.0,cap120,555,454,0.7202643171806168,0.1211453744493392,-0.3501792781528591,-5.888725533659467,1/9,-1.7260800858625336,249,-6.792007497539527,-1.682329321647415,205,-4.79156841655637,-0.6509047452028907,0/4
F2_reversal,level_top3,,1.0,1.5,cap60,515,429,0.331002331002331,0.19114219114219114,0.04656645628690093,-7.63292072320028,1/9,-2.739268540616748,231,-10.102858895444951,-2.998993432208247,198,-4.751326188914828,-0.9306569361458941,0/4
F2_reversal,level_top3,,1.0,1.5,cap120,484,401,0.4513715710723192,0.26932668329177056,-0.0588286133801647,-7.0762849724824095,0/9,-1.7516842440456433,222,-8.719026248416979,-2.137717224959272,179,-5.038918697300987,-0.5076081538998507,0/4
F2_reversal,level_top3,,1.0,2.0,cap60,472,397,0.34005037783375314,0.09319899244332494,1.0948839908654473,-6.534838931048912,2/9,-2.330080595069098,210,-8.863712902231407,-2.497013779701601,187,-3.9195259152824704,-0.7873283325519915,1/4
F2_reversal,level_top3,,1.0,2.0,cap120,424,353,0.4702549575070821,0.1558073654390935,1.0974688108399697,-5.816128922871079,2/9,-1.4870936280996752,194,-8.408214604433203,-1.956372002809861,159,-2.653458342851885,-0.27413641068711514,2/4
F1_range_fade,unconditional,0.75,0.5,2.0,all,1587,1252,0.7523961661341853,0.23083067092651757,-1.917993201786046,-7.279814288048027,0/9,-8.809031920855627,694,-8.658675564067273,-8.340459953053598,558,-5.5648864644685325,-4.395941649685608,0/4
F1_range_fade,unconditional,0.75,0.5,3.0,all,1409,1101,0.812897366030881,0.15258855585831063,-2.049502612783324,-7.078567099613479,0/9,-7.6290960797077565,606,-6.803520277773348,-6.369532291521787,495,-7.4152910875632125,-4.686920945534514,0/4
F1_range_fade,unconditional,0.75,1.0,2.0,all,1151,931,0.6251342642320086,0.3233082706766917,-0.5296689900320671,-6.59143053675602,0/9,-5.087367196140549,521,-7.160620540260862,-4.19859383268307,410,-5.868142751814501,-2.900770497276621,0/4
F1_range_fade,unconditional,0.75,1.0,3.0,all,936,759,0.6574440052700923,0.21080368906455862,-0.957184137480387,-6.84124210849488,1/9,-4.4744012167577685,415,-7.807119816271153,-4.033840940813027,344,-5.676011734288039,-2.3098762492051326,1/4
F1_range_fade,unconditional,1.0,0.5,2.0,all,1323,803,0.7646326276463262,0.199252801992528,-0.586113816081939,-5.880634364027144,0/9,-5.07355769341175,451,-5.688115196446286,-4.346477444516542,352,-6.127299547490119,-2.9301430209828303,0/4
F1_range_fade,unconditional,1.0,0.5,3.0,all,1181,710,0.8014084507042254,0.12535211267605634,-0.7180698746616563,-5.8103233957884175,0/9,-4.32819910293022,390,-6.951281114822681,-4.142824259589204,320,-4.419781175715407,-2.127371602266637,0/4
F1_range_fade,unconditional,1.0,1.0,2.0,all,951,590,0.5779661016949152,0.2966101694915254,-1.1523688619465189,-7.473555302624485,0/9,-4.0699854928716475,329,-7.009321352910339,-3.3126650827325883,261,-8.058739093643467,-2.4384816164207925,0/4
F1_range_fade,unconditional,1.0,1.0,3.0,all,865,527,0.6299810246679317,0.18975332068311196,-0.950202311043556,-6.985306675369931,0/9,-3.736825939392783,285,-9.16396332506554,-3.698037892419345,242,-4.419533348249072,-1.5016402895267424,0/4
F1_range_fade,unconditional,1.5,0.5,2.0,all,1230,383,0.7284595300261096,0.1671018276762402,-1.2243925644069609,-6.717865149263358,0/9,-3.2854860461125512,228,-6.343875460160661,-2.5097880304942306,155,-7.267991917749903,-2.205244077428398,0/4
F1_range_fade,unconditional,1.5,0.5,3.0,all,1189,356,0.7331460674157303,0.10112359550561797,-3.539384286303429,-9.00708091551691,3/9,-3.012949328636767,204,-10.146195411035492,-2.675154687180433,152,-7.478269355741975,-1.8172632612964685,1/4
F1_range_fade,unconditional,1.5,1.0,2.0,all,1001,312,0.5352564102564102,0.22756410256410256,0.667143349997005,-5.888946393592739,2/9,-1.547103895647566,182,-6.372385663088494,-1.5569947546948912,130,-5.212131416298679,-0.7606103006228562,0/4
F1_range_fade,unconditional,1.5,1.0,3.0,all,971,293,0.5631399317406144,0.12286689419795221,2.6883055160917126,-3.714424859334909,3/9,-1.4837681969188448,171,-3.9514597564972775,-1.3156300712531144,122,-3.3821874215089656,-0.9211335222322021,2/4
F1_range_fade,unconditional,1.0,0.5,2.0,US_13-17,265,168,0.75,0.20833333333333334,-1.7060152200010505,-7.08101522000105,2/9,-2.190230639299553,95,-7.240795798719426,-1.9086181725743099,73,-6.873081590162066,-1.1433152663744193,1/4
F1_range_fade,unconditional,1.0,0.5,2.0,other,1134,660,0.7621212121212121,0.20454545454545456,-0.845976924976266,-6.154310258309599,0/9,-5.366844624875132,361,-6.528597461013293,-4.323075822447137,299,-5.702411662403132,-2.852436220156664,0/4
F1_range_fade,unconditional,1.0,1.0,2.0,US_13-17,213,135,0.5555555555555556,0.2740740740740741,0.45599568818565617,-5.98844875625879,1/9,-2.1292729069718592,77,2.013078747442691,-0.7898587231775578,58,-16.61116630427627,-2.161194404773621,0/4
F1_range_fade,unconditional,1.0,1.0,2.0,other,863,522,0.6015325670498084,0.289272030651341,0.34173877322970664,-5.849832107996348,1/9,-4.024641477744532,288,-6.208195826976764,-3.5215707999251102,234,-5.408769069251218,-2.1534907737647093,0/4
F2_reversal,unconditional,,0.5,1.5,cap60,785,627,0.620414673046252,0.16586921850079744,-1.0613397105948208,-7.149059008840434,0/9,-4.490879185526236,345,-6.851767414978845,-2.8242749311155055,282,-7.512766809841312,-3.534731927972273,0/4
F2_reversal,unconditional,,0.5,1.5,cap120,774,615,0.6894308943089431,0.21788617886178863,-1.6348479918464078,-7.342978073147221,0/9,-3.9238422701696956,341,-7.937505778763487,-3.0840063266832445,274,-6.603073154843763,-2.4083972464557215,0/4
F2_reversal,unconditional,,0.5,2.0,cap60,730,579,0.6390328151986183,0.08290155440414508,-0.4485943141930614,-6.433913830600662,0/9,-3.338590778239387,313,-5.949036535048371,-2.071689324238552,266,-7.0044649340136935,-2.673869350544787,0/4
F2_reversal,unconditional,,0.5,2.0,cap120,686,541,0.7171903881700554,0.12199630314232902,-0.6428902612472034,-6.198343126311898,1/9,-3.0015472845889466,296,-6.3848879099341795,-2.369356539650947,245,-5.972966571404978,-1.814596465468501,0/4
F2_reversal,unconditional,,1.0,1.5,cap60,643,516,0.3430232558139535,0.18992248062015504,0.2618674047988627,-7.351504688224392,0/9,-3.353721539350524,281,-9.329992805298291,-3.0491421281802364,235,-4.985738046106239,-1.6402339970782214,0/4
F2_reversal,unconditional,,1.0,1.5,cap120,611,486,0.4773662551440329,0.26954732510288065,0.5506390452789777,-6.323846551428841,1/9,-2.314097274380194,271,-7.440168910692297,-2.0850396011642847,215,-4.916761159054906,-1.2076980546364358,1/4
F2_reversal,unconditional,,1.0,2.0,cap60,592,479,0.35073068893528186,0.09603340292275574,0.9010271783054827,-6.669954032550469,0/9,-2.6794799528339164,255,-8.218304622658213,-2.5961007435011783,224,-4.907322780418882,-1.1391262775600057,0/4
F2_reversal,unconditional,,1.0,2.0,cap120,539,429,0.5011655011655012,0.15384615384615385,1.5279666226868496,-5.215623120902894,1/9,-1.6412860395288902,234,-6.481748214586276,-1.8129677837117146,195,-3.6962730084828332,-0.5998049258974575,1/4
F1_range_fade,PLACEBO_shuffled_expansion,0.75,0.5,2.0,all,1556,1225,0.7534693877551021,0.22775510204081634,-1.8737438661240309,-7.22966223347097,0/9,-8.517571842549286,690,-7.697119417228411,-7.258889613486578,535,-6.626773529185672,-4.2182513120800085,0/4
F1_range_fade,PLACEBO_shuffled_expansion,0.75,0.5,3.0,all,1356,1066,0.8133208255159474,0.15103189493433397,-1.789317854015464,-6.816053313677753,0/9,-6.709572569022516,595,-5.94787649466229,-5.388219881264819,471,-7.912794730480728,-4.223038126773411,0/4
F1_range_fade,PLACEBO_shuffled_expansion,0.75,1.0,2.0,all,1116,895,0.6134078212290502,0.3229050279329609,-1.7398597099919588,-7.866116693232182,0/9,-5.96385700740159,507,-7.987571038451464,-5.083391130439362,388,-7.707412175123482,-3.3661104219186133,0/4
F1_range_fade,PLACEBO_shuffled_expansion,0.75,1.0,3.0,all,943,741,0.6707152496626181,0.21187584345479082,-0.9922282320490488,-6.803294358904649,0/9,-4.429022517087517,419,-7.9567505340958045,-3.899272815345784,322,-5.302368466342247,-2.3282039876912455,0/4
F1_range_fade,PLACEBO_shuffled_expansion,1.0,0.5,2.0,all,1283,762,0.7611548556430446,0.20603674540682415,-1.453705620575135,-6.76735391453839,0/9,-5.289588862226569,434,-5.9178145383075575,-3.439349041974097,328,-7.8914395525999215,-3.693303787174133,0/4
F1_range_fade,PLACEBO_shuffled_expansion,1.0,0.5,3.0,all,1167,690,0.8,0.1289855072463768,-0.8415005195702022,-5.941500519570202,0/9,-4.084401946237947,394,-6.4261050805993465,-2.947273088736852,296,-5.296452556578705,-2.5348829760946563,0/4
F1_range_fade,PLACEBO_shuffled_expansion,1.0,1.0,2.0,all,956,558,0.5716845878136201,0.3100358422939068,-2.425694366343076,-8.781429133368167,1/9,-4.625270293488784,312,-9.981686728583945,-4.407473162357249,246,-7.25915120772864,-2.2381497912251875,1/4
F1_range_fade,PLACEBO_shuffled_expansion,1.0,1.0,3.0,all,863,498,0.606425702811245,0.20281124497991967,-2.391129206931531,-8.555787841469682,1/9,-4.322978434509916,277,-10.936179674694888,-4.631830937052088,221,-5.572219797110492,-1.7610944206823176,1/4
F1_range_fade,PLACEBO_shuffled_expansion,1.5,0.5,2.0,all,1208,366,0.7404371584699454,0.15027322404371585,0.9844953947600595,-4.44310023365524,1/9,-2.3614352219783847,206,-6.289655634742927,-2.675953079141501,160,-2.065660154754844,-0.8072260621561375,1/4
F1_range_fade,PLACEBO_shuffled_expansion,1.5,0.5,3.0,all,1184,349,0.7707736389684814,0.07449856733524356,2.7925353698176547,-2.4682096158556956,4/9,-1.7055938773356847,193,-6.752263296252194,-2.9140793087490513,156,2.8319337195066376,0.16995592213634328,3/4
F1_range_fade,PLACEBO_shuffled_expansion,1.5,1.0,2.0,all,970,307,0.5211726384364821,0.20846905537459284,1.8702393254484615,-4.763311163150887,2/9,-1.356502256357636,172,-3.8747917816596353,-0.9676235827139661,135,-5.895350671421223,-0.9364311790584685,1/4
F1_range_fade,PLACEBO_shuffled_expansion,1.5,1.0,3.0,all,923,293,0.5392491467576792,0.10921501706484642,1.4503529688178156,-5.08377672401495,2/9,-1.7427282009620235,162,-4.222401591060776,-1.4025068888700662,131,-6.148988720492629,-1.146196276161811,1/4
F2_reversal,PLACEBO_shuffled_expansion,,0.5,1.5,cap60,651,513,0.6062378167641326,0.16569200779727095,-1.158216410538315,-7.323908418335586,0/9,-3.9367719984912037,287,-6.369126905005455,-2.4873005619539974,226,-8.53639644632562,-3.0618257153241712,0/4
F2_reversal,PLACEBO_shuffled_expansion,,0.5,1.5,cap120,640,504,0.6805555555555556,0.21428571428571427,-1.0930787037756908,-6.850023148220136,0/9,-2.91310568870783,280,-6.788597087436942,-2.406098207027734,224,-6.926805724199126,-1.6559201125685463,0/4
F2_reversal,PLACEBO_shuffled_expansion,,0.5,2.0,cap60,602,469,0.6226012793176973,0.09594882729211088,-1.4570025594452816,-7.532695523197947,0/9,-3.629925610894165,256,-7.20248821296961,-2.4678814792085175,213,-7.9295644030967924,-2.6350079546592693,0/4
F2_reversal,PLACEBO_shuffled_expansion,,0.5,2.0,cap120,572,445,0.6966292134831461,0.1303370786516854,-1.160878932582472,-6.829418258425168,0/9,-2.7782782350227317,245,-6.959589997462002,-2.3820525167858566,200,-6.669957878105047,-1.5218718980189654,0/4
F2_reversal,PLACEBO_shuffled_expansion,,1.0,1.5,cap60,548,436,0.35091743119266056,0.18807339449541285,-0.525344286360723,-8.09529841480109,0/9,-3.346876060135465,242,-8.536375349411147,-3.3482399414240147,194,-7.54508904276174,-1.6436921570547696,0/4
F2_reversal,PLACEBO_shuffled_expansion,,1.0,1.5,cap120,525,416,0.46634615384615385,0.2644230769230769,0.5323254233502671,-6.402770730495887,1/9,-1.945454467496013,234,-6.717498923283555,-2.163481561384871,182,-5.998120196911741,-0.7784130544767379,1/4
F2_reversal,PLACEBO_shuffled_expansion,,1.0,2.0,cap60,521,408,0.3627450980392157,0.10784313725490197,-0.08666204716342786,-7.591564007947742,0/9,-2.8282494171820156,222,-7.678876043576016,-2.5659701966734376,186,-7.487352868649479,-1.511993300364678,0/4
F2_reversal,PLACEBO_shuffled_expansion,,1.0,2.0,cap120,483,375,0.48533333333333334,0.16,0.7101497919192366,-6.120516874747431,1/9,-1.8769266702936258,206,-7.292787357206868,-2.2898703599657875,169,-4.691595458258413,-0.5897791395621073,1/4
