H_min,group,model,n_oos,n_folds,dir_auc,dir_skill_pct,ic_score_fwd,hit_auc,hit_skill_pct,p_up_oos_mean,prior_up_train_mean,realised_up_oos
5,P,gb,92155,9,0.5285748343688882,0.09311508985938761,0.049674223698416224,0.708236985305444,10.245524529292965,0.4932824881920375,0.49249779178197417,0.49340784547772776
5,P,lr,92155,9,0.5272738710200853,0.13993963183218333,0.042802208058024795,0.7045075183676605,9.726782522016345,0.491461206922052,0.49249779178197417,0.49340784547772776
5,L2,gb,92155,9,0.529316203552161,0.1810372738632557,0.04679894167003161,0.598151552435765,2.5364770600195006,0.49371531062274504,0.49249779178197417,0.49340784547772776
5,L2,lr,92155,9,0.5284186660245488,0.1278252983481631,0.04609075370002677,0.5834437013451774,1.8052745633790088,0.49300300571695976,0.49249779178197417,0.49340784547772776
5,PL2,gb,92155,9,0.5395002769851867,0.31972355883932324,0.06357700428658629,0.7087177322439512,10.286642154359722,0.49366804245525164,0.49249779178197417,0.49340784547772776
5,PL2,lr,92155,9,0.536296894955897,0.21269673802683273,0.05760132434926175,0.7053371574598338,10.006227752323174,0.49102989767822913,0.49249779178197417,0.49340784547772776
5,ALL,gb,92155,9,0.5406561893193221,0.35304196743743893,0.0660139561909504,0.7086423620236257,10.317847201090071,0.48816206164517445,0.49249779178197417,0.49340784547772776
5,ALL,lr,92155,9,0.5352517175754974,0.07726583945072163,0.057491294990679113,0.7064028255620403,10.267923798982691,0.48435056511568936,0.49249779178197417,0.49340784547772776
15,P,gb,92145,9,0.5297892332510066,0.025916309678443477,0.053043326376421916,0.6935254403058183,8.892988590587139,0.5001180386114118,0.4977663706817209,0.4981930652775517
15,P,lr,92145,9,0.5298374812518449,0.1545454351331136,0.048494766197430816,0.6911827940807531,8.418566956567073,0.4961365451262377,0.4977663706817209,0.4981930652775517
15,L2,gb,92145,9,0.5204144500233358,0.0775952796513107,0.03826019277135532,0.5721941779629282,1.5253352288995743,0.4997549611580839,0.4977663706817209,0.4981930652775517
15,L2,lr,92145,9,0.520473199767701,0.04199077636857694,0.03577417943197273,0.5615251847087472,1.0621021942873978,0.49908346957551847,0.4977663706817209,0.4981930652775517
15,PL2,gb,92145,9,0.533220467303452,0.1229069139242676,0.05878549162725616,0.6932717040738814,8.84917448731399,0.49966788021362823,0.4977663706817209,0.4981930652775517
15,PL2,lr,92145,9,0.5323850304390667,0.09093196427066354,0.05394283575658105,0.691855277145442,8.565260821625786,0.49726362347798253,0.4977663706817209,0.4981930652775517
15,ALL,gb,92145,9,0.5334642560115211,0.04245817740052306,0.05770165114588232,0.6910995832701574,8.701847400128536,0.48749201883063104,0.4977663706817209,0.4981930652775517
15,ALL,lr,92145,9,0.5306040673072009,-0.26039388176599915,0.050334335628811046,0.6878731851688031,8.338781470059486,0.48560550122801954,0.4977663706817209,0.4981930652775517
30,P,gb,92130,9,0.5268853315707104,-0.3284547013014041,0.04435101488673568,0.6860867619721647,8.139576304819588,0.5049508379211178,0.5023898961971051,0.5031260175838489
30,P,lr,92130,9,0.5295118114403928,0.06722834648743276,0.046109434954287425,0.6824610716481405,7.579354891035106,0.5011765991580156,0.5023898961971051,0.5031260175838489
30,L2,gb,92130,9,0.514546494823479,0.020616829948987406,0.02789329277248086,0.552272705629322,0.7026676722827113,0.5053837643480227,0.5023898961971051,0.5031260175838489
30,L2,lr,92130,9,0.5135606753988289,-0.02361553566522339,0.02560774552866076,0.5427349377583339,0.4725039870990177,0.5039456082759438,0.5023898961971051,0.5031260175838489
30,PL2,gb,92130,9,0.5273567111815133,-0.3069429820731834,0.04598483124693842,0.6860315564382735,8.136736740742597,0.5052139666334511,0.5023898961971051,0.5031260175838489
30,PL2,lr,92130,9,0.531455010700849,-0.012639862541736994,0.05127811395904581,0.6837433986864974,7.706693897726947,0.5027625398292784,0.5023898961971051,0.5031260175838489
30,ALL,gb,92130,9,0.5218700711553036,-0.7790584818725826,0.03754440844539327,0.6828468288122116,7.936685553004357,0.48158640257703167,0.5023898961971051,0.5031260175838489
30,ALL,lr,92130,9,0.5290363166522826,-0.4598068697934471,0.04692159237905548,0.6754136088909342,6.811214656400042,0.4874071056455417,0.5023898961971051,0.5031260175838489
60,P,gb,92100,9,0.5221201190514813,-0.9789165279910965,0.024279361882231544,0.7048298811790423,9.556210924672776,0.5174703651592301,0.5123133341168666,0.5033876221498371
60,P,lr,92100,9,0.5309597271264546,-0.10929971023260954,0.04595095496314018,0.6884057891744013,8.02354676840241,0.511743905063496,0.5123133341168666,0.5033876221498371
60,L2,gb,92100,9,0.5050282841660773,-0.1616142469389882,0.016520715329061398,0.529336354964479,0.13252549115490736,0.5153027207128672,0.5123133341168666,0.5033876221498371
60,L2,lr,92100,9,0.5018231853806443,-0.18418858381715505,0.0073021438383656595,0.5211144271202388,0.07736835662393235,0.5143325272945063,0.5123133341168666,0.5033876221498371
60,PL2,gb,92100,9,0.5255031153057946,-0.8057599179578098,0.03010596240506791,0.7050614880550536,9.588188101035684,0.5175724400919058,0.5123133341168666,0.5033876221498371
60,PL2,lr,92100,9,0.5300282264439822,-0.3533529765839777,0.04588880479969692,0.6870746809355474,7.917308528701055,0.5128271362000294,0.5123133341168666,0.5033876221498371
60,ALL,gb,92100,9,0.5190452184875517,-1.6479198368999808,0.02343790061851301,0.70007379814147,9.221396179044039,0.47504957489909305,0.5123133341168666,0.5033876221498371
60,ALL,lr,92100,9,0.5237559205444346,-1.4219971398212508,0.032309987385164295,0.6703334127984522,5.4082033714088675,0.48381612203010194,0.5123133341168666,0.5033876221498371
120,P,gb,92040,9,0.5240829685037472,-1.3346645744287016,0.028718334719494316,0.725671225141471,11.838997589000732,0.5258993943723181,0.5223474692923898,0.516264667535854
120,P,lr,92040,9,0.5227332214712289,-0.43679234554133645,0.030691842563482036,0.7005020099974381,9.286761866135445,0.5195426936102668,0.5223474692923898,0.516264667535854
120,L2,gb,92040,9,0.4966401420182674,-0.2670491919130983,0.0003038779830873869,0.5279862849162484,0.2397010476719126,0.524872669858588,0.5223474692923898,0.516264667535854
120,L2,lr,92040,9,0.4931508802840263,-0.38948101523692746,-0.005592938334753841,0.5185497931071893,-0.02914601821966152,0.5244704830570593,0.5223474692923898,0.516264667535854
120,PL2,gb,92040,9,0.5261909429713955,-1.1745510359244367,0.033389796934987746,0.7257124450950324,11.843982327944262,0.5265625661407733,0.5223474692923898,0.516264667535854
120,PL2,lr,92040,9,0.5198338374828924,-0.8683948408662092,0.02791804245417381,0.6985552382173179,9.003508250047512,0.5207959844876272,0.5223474692923898,0.516264667535854
120,ALL,gb,92040,9,0.524221334491772,-2.7677072374900478,0.026808077500167216,0.7211305333228967,11.214969284176277,0.4755346645291311,0.5223474692923898,0.516264667535854
120,ALL,lr,92040,9,0.5087954844282709,-7.531674433851343,0.0010086549792251843,0.6733879108251775,3.1466368699887877,0.4703809732835156,0.5223474692923898,0.516264667535854
240,P,gb,91920,9,0.5244982897469843,-3.5377205113494696,0.041131209319315,0.7449804560683488,13.700722663583303,0.526946633580572,0.5268084999343717,0.5282310704960835
240,P,lr,91920,9,0.5282760485514357,-1.0253971693261092,0.03627907348415955,0.7140797508140813,9.996426871783216,0.5213076201025779,0.5268084999343717,0.5282310704960835
240,L2,gb,91920,9,0.4894507705289817,-0.45748214129374676,-0.018061371457555292,0.5443037709272753,0.3958968089818441,0.5274189977246677,0.5268084999343717,0.5282310704960835
240,L2,lr,91920,9,0.48676698806982654,-0.6498502238945749,-0.020425638252140763,0.539383255904013,0.2904715387778369,0.5281101372189476,0.5268084999343717,0.5282310704960835
240,PL2,gb,91920,9,0.5270925589499644,-3.287151836772063,0.04615266856828283,0.7444713702614323,13.631166593437772,0.5272927647096716,0.5268084999343717,0.5282310704960835
240,PL2,lr,91920,9,0.5240243612284804,-1.6208443229645442,0.027663208109505816,0.7122609536582832,9.492400439629325,0.5217306689069384,0.5268084999343717,0.5282310704960835
240,ALL,gb,91920,9,0.5279260355627811,-7.58746013308334,0.04452484203815989,0.7343901593113067,11.97172497903884,0.4509129652639334,0.5268084999343717,0.5282310704960835
240,ALL,lr,91920,9,0.5147739523491441,-14.982928033010653,-0.003938880769597369,0.6934475529470722,3.9141252492759926,0.45969234360713496,0.5268084999343717,0.5282310704960835
